[
  {
    "id": "04e35ca1-84f5-43ce-8634-ca373c05a8aa",
    "data": [
      {
        "text": "Should I take antibiotics?",
        "userDefined": false
      }
    ],
    "isTemplate": false,
    "count": 0,
    "updated": 0
  },
  {
    "id": "85deacfb-15be-4648-bb17-3a28207693de",
    "data": [
      {
        "text": "Will antibiotics help with covid-19?",
        "userDefined": false
      }
    ],
    "isTemplate": false,
    "count": 0,
    "updated": 0
  },
  {
    "id": "d2030dba-67a3-4229-8549-5ad9abe4fccf",
    "data": [
      {
        "text": "How do you treat covid-19?",
        "userDefined": false
      }
    ],
    "isTemplate": false,
    "count": 0,
    "updated": 0
  },
  {
    "id": "3eb8b4f9-f4d8-4ccb-b55d-dccb840bafa2",
    "data": [
      {
        "text": "Is there a treatment yet?",
        "userDefined": false
      }
    ],
    "isTemplate": false,
    "count": 0,
    "updated": 0
  },
  {
    "id": "23c9a0c1-0a07-4fbe-a128-f3702d723e29",
    "data": [
      {
        "text": "What is the treatment for covid-19?",
        "userDefined": false
      }
    ],
    "isTemplate": false,
    "count": 0,
    "updated": 0
  },
  {
    "id": "07ca627f-c7bb-4273-a014-07c5011a3f26",
    "data": [
      {
        "text": "Are there any treatments available?",
        "userDefined": false
      }
    ],
    "isTemplate": false,
    "count": 0,
    "updated": 0
  },
  {
    "id": "44ee1b36-cc08-4326-bf8b-4f88b58750cd",
    "data": [
      {
        "text": "treatments for ",
        "userDefined": false
      },
      {
        "text": "Corona",
        "alias": "covid-19",
        "meta": "@covid-19",
        "userDefined": false
      }
    ],
    "isTemplate": false,
    "count": 0,
    "updated": 0
  },
  {
    "id": "596c7410-0f79-45d8-b9c0-30865f6493ff",
    "data": [
      {
        "text": "what is the solution for covid?",
        "userDefined": false
      }
    ],
    "isTemplate": false,
    "count": 0,
    "updated": 0
  },
  {
    "id": "d2fe2ac9-d07e-4ebc-a381-a2dc97ca8872",
    "data": [
      {
        "text": "how can we remove covid?",
        "userDefined": false
      }
    ],
    "isTemplate": false,
    "count": 0,
    "updated": 0
  },
  {
    "id": "53209658-c144-4afe-8da8-ce861f708b52",
    "data": [
      {
        "text": "what is the solution to coronavirus?",
        "userDefined": false
      }
    ],
    "isTemplate": false,
    "count": 0,
    "updated": 0
  },
  {
    "id": "260b7b5a-2f73-4780-8801-91a9dd43ce73",
    "data": [
      {
        "text": "Is there a cure for ",
        "userDefined": false
      },
      {
        "text": "coronavirus",
        "alias": "covid-19",
        "meta": "@covid-19",
        "userDefined": false
      },
      {
        "text": "?",
        "userDefined": false
      }
    ],
    "isTemplate": false,
    "count": 0,
    "updated": 0
  },
  {
    "id": "e2e80fb9-f020-4d63-a6a9-ce4ea96fba27",
    "data": [
      {
        "text": "is there any cure yet for the virus",
        "userDefined": false
      }
    ],
    "isTemplate": false,
    "count": 0,
    "updated": 0
  },
  {
    "id": "433b7b95-8fbb-4cdf-ab8f-5f9bed7eb919",
    "data": [
      {
        "text": "can you be treated for corona",
        "userDefined": false
      }
    ],
    "isTemplate": false,
    "count": 0,
    "updated": 0
  },
  {
    "id": "afd9706f-ef05-48f0-9ed8-718c168a2fd3",
    "data": [
      {
        "text": "what medication should i take",
        "userDefined": false
      }
    ],
    "isTemplate": false,
    "count": 0,
    "updated": 0
  },
  {
    "id": "b0674a90-4825-4d07-bcfe-e83f185ba1a2",
    "data": [
      {
        "text": "Can I take medicine?",
        "userDefined": false
      }
    ],
    "isTemplate": false,
    "count": 0,
    "updated": 0
  },
  {
    "id": "7f9c5a38-a6ea-4be0-92ba-475ab1008baf",
    "data": [
      {
        "text": "what medicines help",
        "userDefined": false
      }
    ],
    "isTemplate": false,
    "count": 0,
    "updated": 0
  },
  {
    "id": "5b9e53ec-e2f0-49d2-a354-0b521f9c909d",
    "data": [
      {
        "text": "what remedies are available?",
        "userDefined": false
      }
    ],
    "isTemplate": false,
    "count": 0,
    "updated": 0
  },
  {
    "id": "a07658bd-1e2f-4d22-96cd-25332c126f37",
    "data": [
      {
        "text": "is there a cure?",
        "userDefined": false
      }
    ],
    "isTemplate": false,
    "count": 0,
    "updated": 0
  },
  {
    "id": "2ef1e1fc-af9b-4c28-824c-d2fa0f3f2018",
    "data": [
      {
        "text": "where can i get treated for covid 19",
        "userDefined": false
      }
    ],
    "isTemplate": false,
    "count": 0,
    "updated": 0
  },
  {
    "id": "47dd736b-8bb6-4482-b2ae-e71343ab233e",
    "data": [
      {
        "text": "what if I get sick with ",
        "userDefined": false
      },
      {
        "text": "coronovirus",
        "alias": "covid-19",
        "meta": "@covid-19",
        "userDefined": false
      }
    ],
    "isTemplate": false,
    "count": 0,
    "updated": 0
  },
  {
    "id": "9b923636-9ce4-4536-884e-a9fa4a64b7e4",
    "data": [
      {
        "text": "what do I do if I have ",
        "userDefined": false
      },
      {
        "text": "corono virus",
        "alias": "covid-19",
        "meta": "@covid-19",
        "userDefined": false
      }
    ],
    "isTemplate": false,
    "count": 0,
    "updated": 0
  },
  {
    "id": "86c5d805-dad9-4d2d-99c6-f986785f5b53",
    "data": [
      {
        "text": "what do I do if I have ",
        "userDefined": false
      },
      {
        "text": "corona virus",
        "alias": "covid-19",
        "meta": "@covid-19",
        "userDefined": false
      }
    ],
    "isTemplate": false,
    "count": 0,
    "updated": 0
  },
  {
    "id": "60897642-7acc-40f3-84b9-fd16333d0b1a",
    "data": [
      {
        "text": "what do I do if I have ",
        "userDefined": false
      },
      {
        "text": "coronovirus",
        "alias": "covid-19",
        "meta": "@covid-19",
        "userDefined": false
      }
    ],
    "isTemplate": false,
    "count": 0,
    "updated": 0
  },
  {
    "id": "28a68854-a91a-481d-b0a2-38edc7df64e1",
    "data": [
      {
        "text": "Is there a treatment?",
        "userDefined": false
      }
    ],
    "isTemplate": false,
    "count": 0,
    "updated": 0
  },
  {
    "id": "708c45c7-f145-4045-bc51-7eb8f897b37d",
    "data": [
      {
        "text": "Is there an antidote yet?",
        "userDefined": false
      }
    ],
    "isTemplate": false,
    "count": 1,
    "updated": 0
  },
  {
    "id": "8668dbf2-7f4e-4ac1-8589-a062430cdb8e",
    "data": [
      {
        "text": "what treatments are available to treat ",
        "userDefined": false
      },
      {
        "text": "coronavirus",
        "alias": "covid-19",
        "meta": "@covid-19",
        "userDefined": false
      },
      {
        "text": "?",
        "userDefined": false
      }
    ],
    "isTemplate": false,
    "count": 0,
    "updated": 0
  },
  {
    "id": "e9f32e6d-ee3d-4ef8-af22-22a34650e7c0",
    "data": [
      {
        "text": "is there an antiviral treatment for COVID-19?",
        "userDefined": false
      }
    ],
    "isTemplate": false,
    "count": 0,
    "updated": 0
  },
  {
    "id": "f1f6fc6d-bbc7-4c72-b785-50274da4bd3f",
    "data": [
      {
        "text": "are there any medicines or therapies that can cure ",
        "userDefined": false
      },
      {
        "text": "coronavirus",
        "alias": "covid-19",
        "meta": "@covid-19",
        "userDefined": false
      },
      {
        "text": "?",
        "userDefined": false
      }
    ],
    "isTemplate": false,
    "count": 0,
    "updated": 0
  },
  {
    "id": "0ca95c80-5ddb-4c7b-a2f7-2afe7b63c0a2",
    "data": [
      {
        "text": "are antibiotics effective in preventing or treating the covid-19?",
        "userDefined": false
      }
    ],
    "isTemplate": false,
    "count": 0,
    "updated": 0
  },
  {
    "id": "6dc37112-9f61-4c4e-8fc1-61e64b8080c2",
    "data": [
      {
        "text": "existing drugs in ",
        "userDefined": false
      },
      {
        "text": "coronavirus",
        "alias": "covid-19",
        "meta": "@covid-19",
        "userDefined": false
      },
      {
        "text": " fight",
        "userDefined": false
      }
    ],
    "isTemplate": false,
    "count": 0,
    "updated": 0
  },
  {
    "id": "8f410323-d074-4ce6-92b7-b90662c7d5f7",
    "data": [
      {
        "text": "medical solutions to the coronavirus",
        "userDefined": false
      }
    ],
    "isTemplate": false,
    "count": 0,
    "updated": 0
  },
  {
    "id": "bdce3e93-64da-46b0-b8f0-77dba9c1af93",
    "data": [
      {
        "text": "does the US have effective treatment for ",
        "userDefined": false
      },
      {
        "text": "coronavirus",
        "alias": "covid-19",
        "meta": "@covid-19",
        "userDefined": false
      },
      {
        "text": "?",
        "userDefined": false
      }
    ],
    "isTemplate": false,
    "count": 0,
    "updated": 0
  },
  {
    "id": "3a754727-4341-4476-9bdc-894aa8618df5",
    "data": [
      {
        "text": "drugs to treat infection",
        "userDefined": false
      }
    ],
    "isTemplate": false,
    "count": 0,
    "updated": 0
  },
  {
    "id": "bc3110b4-b4c6-47d0-8ace-46583ff7082c",
    "data": [
      {
        "text": "do we have drugs for treating this new disease?",
        "userDefined": false
      }
    ],
    "isTemplate": false,
    "count": 0,
    "updated": 0
  },
  {
    "id": "4cf4fc24-4296-41be-99b9-d5559ba2ed8d",
    "data": [
      {
        "text": "what\u0027s the most effective medicine to treat ",
        "userDefined": false
      },
      {
        "text": "coronavirus",
        "alias": "covid-19",
        "meta": "@covid-19",
        "userDefined": false
      },
      {
        "text": "?",
        "userDefined": false
      }
    ],
    "isTemplate": false,
    "count": 0,
    "updated": 0
  },
  {
    "id": "b70d71ca-7ea0-427f-ae53-09549f417939",
    "data": [
      {
        "text": "can we use antibiotics to treat ",
        "userDefined": false
      },
      {
        "text": "coronavirus",
        "alias": "covid-19",
        "meta": "@covid-19",
        "userDefined": false
      },
      {
        "text": "?",
        "userDefined": false
      }
    ],
    "isTemplate": false,
    "count": 0,
    "updated": 0
  },
  {
    "id": "38610e7e-969c-4807-b9cc-ff9159582041",
    "data": [
      {
        "text": "can people be cured if they caught ",
        "userDefined": false
      },
      {
        "text": "coronavirus",
        "alias": "covid-19",
        "meta": "@covid-19",
        "userDefined": false
      },
      {
        "text": "?",
        "userDefined": false
      }
    ],
    "isTemplate": false,
    "count": 0,
    "updated": 0
  },
  {
    "id": "c529f22c-c85b-4364-8604-6978f8be5b1c",
    "data": [
      {
        "text": "Is there a medicine to treat this virus?",
        "userDefined": false
      }
    ],
    "isTemplate": false,
    "count": 0,
    "updated": 0
  },
  {
    "id": "b619df5f-5da4-4913-ac93-6407f2faf28d",
    "data": [
      {
        "text": "is there a cure for the new ",
        "userDefined": false
      },
      {
        "text": "coronavirus",
        "alias": "covid-19",
        "meta": "@covid-19",
        "userDefined": false
      },
      {
        "text": "?",
        "userDefined": false
      }
    ],
    "isTemplate": false,
    "count": 0,
    "updated": 0
  },
  {
    "id": "123fd2f5-2a62-44fe-bea5-567ee9053be9",
    "data": [
      {
        "text": "can ",
        "userDefined": false
      },
      {
        "text": "coronavirus",
        "alias": "covid-19",
        "meta": "@covid-19",
        "userDefined": false
      },
      {
        "text": " be treated?",
        "userDefined": false
      }
    ],
    "isTemplate": false,
    "count": 0,
    "updated": 0
  },
  {
    "id": "6e76216c-9deb-4256-85cb-6d81248d5f60",
    "data": [
      {
        "text": "do we have treatment for covid-19?",
        "userDefined": false
      }
    ],
    "isTemplate": false,
    "count": 0,
    "updated": 0
  },
  {
    "id": "2f67266c-a60d-47bc-a456-cacc11e2ea03",
    "data": [
      {
        "text": "Is there a treatment for ",
        "userDefined": false
      },
      {
        "text": "coronavirus",
        "alias": "covid-19",
        "meta": "@covid-19",
        "userDefined": false
      },
      {
        "text": "?",
        "userDefined": false
      }
    ],
    "isTemplate": false,
    "count": 0,
    "updated": 0
  }
]