[
  {
    "id": "997018fb-eb5a-46ec-a0e4-57520b08a7cd",
    "data": [
      {
        "text": "Can I still travel to ",
        "userDefined": false
      },
      {
        "text": "Iran",
        "alias": "geo-country",
        "meta": "@sys.geo-country",
        "userDefined": false
      },
      {
        "text": "?",
        "userDefined": false
      }
    ],
    "isTemplate": false,
    "count": 0,
    "updated": 0
  },
  {
    "id": "64fafd9e-7077-403c-a377-1ec6f2975a99",
    "data": [
      {
        "text": "Can I still travel to ",
        "userDefined": false
      },
      {
        "text": "South Korea",
        "alias": "geo-country",
        "meta": "@sys.geo-country",
        "userDefined": false
      },
      {
        "text": "?",
        "userDefined": false
      }
    ],
    "isTemplate": false,
    "count": 0,
    "updated": 0
  },
  {
    "id": "eeb8aaba-f2ae-4b85-ad15-cf2e6ce1f7db",
    "data": [
      {
        "text": "should I not travel during a disease outbreak",
        "userDefined": false
      }
    ],
    "isTemplate": false,
    "count": 1,
    "updated": 0
  },
  {
    "id": "16e62096-f77c-48d4-b94e-3b5b8507eeda",
    "data": [
      {
        "text": "Can I travel during it up break?",
        "userDefined": false
      }
    ],
    "isTemplate": false,
    "count": 0,
    "updated": 0
  },
  {
    "id": "4ac21fd3-6c39-4d19-af8f-1926d312e208",
    "data": [
      {
        "text": "Which countries have travel bans for covid-19?",
        "userDefined": false
      }
    ],
    "isTemplate": false,
    "count": 0,
    "updated": 0
  },
  {
    "id": "77f8cee6-8c06-4db5-977b-73f125243e89",
    "data": [
      {
        "text": "can I travel",
        "userDefined": false
      }
    ],
    "isTemplate": false,
    "count": 0,
    "updated": 0
  },
  {
    "id": "7388fd17-4d7d-45f2-8828-2e70a4754d0f",
    "data": [
      {
        "text": "when can i TRAVEL AGAIN",
        "userDefined": false
      }
    ],
    "isTemplate": false,
    "count": 0,
    "updated": 0
  },
  {
    "id": "b6b5827c-cad8-40df-9320-e5524a9cc28d",
    "data": [
      {
        "text": "i need to go to ",
        "userDefined": false
      },
      {
        "text": "spain",
        "alias": "geo-country",
        "meta": "@sys.geo-country",
        "userDefined": false
      },
      {
        "text": " can I travel",
        "userDefined": false
      }
    ],
    "isTemplate": false,
    "count": 0,
    "updated": 0
  },
  {
    "id": "970d7f48-316f-4f92-8138-a6c1df4fedd6",
    "data": [
      {
        "text": "Where can I travel to?",
        "userDefined": false
      }
    ],
    "isTemplate": false,
    "count": 0,
    "updated": 0
  },
  {
    "id": "335a7312-e0f8-4fe4-bfd0-23bbe51511c5",
    "data": [
      {
        "text": "I have the fly",
        "userDefined": false
      }
    ],
    "isTemplate": false,
    "count": 0,
    "updated": 0
  },
  {
    "id": "22cea313-89e2-41c0-a354-83938fc4d75f",
    "data": [
      {
        "text": "can I go back to Kuala Lumpur now?",
        "userDefined": false
      }
    ],
    "isTemplate": false,
    "count": 0,
    "updated": 0
  },
  {
    "id": "33f71b4b-06ca-49c5-b321-10f9a4938de9",
    "data": [
      {
        "text": "can i visit Kuala Lumpur?",
        "userDefined": false
      }
    ],
    "isTemplate": false,
    "count": 0,
    "updated": 0
  },
  {
    "id": "ff55f794-3778-4491-a354-286a3b9a0d75",
    "data": [
      {
        "text": "Is it safe to travel?",
        "userDefined": false
      }
    ],
    "isTemplate": false,
    "count": 0,
    "updated": 0
  },
  {
    "id": "3c988b33-5ccb-4d46-84ee-e829dca0b7b9",
    "data": [
      {
        "text": "Can i travel",
        "userDefined": false
      }
    ],
    "isTemplate": false,
    "count": 0,
    "updated": 0
  },
  {
    "id": "1229b447-c089-4648-8999-07126641f9f9",
    "data": [
      {
        "text": "what travel restrictions are in place?",
        "userDefined": false
      }
    ],
    "isTemplate": false,
    "count": 0,
    "updated": 0
  },
  {
    "id": "c45a86f4-3b6d-41e0-ae21-97c04793f4bd",
    "data": [
      {
        "text": "Is it ok to travel?",
        "userDefined": false
      }
    ],
    "isTemplate": false,
    "count": 0,
    "updated": 0
  },
  {
    "id": "7be873d5-9576-4fa8-83c3-172107761833",
    "data": [
      {
        "text": "Can I travel within the ",
        "userDefined": false
      },
      {
        "text": "US",
        "alias": "geo-country",
        "meta": "@sys.geo-country",
        "userDefined": false
      },
      {
        "text": "?",
        "userDefined": false
      }
    ],
    "isTemplate": false,
    "count": 0,
    "updated": 0
  },
  {
    "id": "b5422e69-d4e5-431f-9cb0-f06b56dbbfac",
    "data": [
      {
        "text": "Okay, but what if I need to travel internationally, what do I do?",
        "userDefined": false
      }
    ],
    "isTemplate": false,
    "count": 0,
    "updated": 0
  },
  {
    "id": "d508a785-fad3-4023-94b5-a73bf6e8e468",
    "data": [
      {
        "text": "Can I still fly home to Hawaii from San Francisco?",
        "userDefined": false
      }
    ],
    "isTemplate": false,
    "count": 1,
    "updated": 0
  },
  {
    "id": "27f17d96-b02f-4671-9253-a4815efab5b3",
    "data": [
      {
        "text": "Can I still fly home to Hawaii?",
        "userDefined": false
      }
    ],
    "isTemplate": false,
    "count": 1,
    "updated": 0
  },
  {
    "id": "6d4c4465-2d38-4031-a55f-325b441a79b1",
    "data": [
      {
        "text": "It it still safe to fly to ",
        "userDefined": false
      },
      {
        "text": "UK",
        "alias": "geo-country",
        "meta": "@sys.geo-country",
        "userDefined": false
      },
      {
        "text": "?",
        "userDefined": false
      }
    ],
    "isTemplate": false,
    "count": 0,
    "updated": 0
  },
  {
    "id": "7a3fc6be-a2f5-4556-ad7e-7c50908f8325",
    "data": [
      {
        "text": "Can I travel to ",
        "userDefined": false
      },
      {
        "text": "India",
        "alias": "geo-country",
        "meta": "@sys.geo-country",
        "userDefined": false
      },
      {
        "text": " right now?",
        "userDefined": false
      }
    ],
    "isTemplate": false,
    "count": 0,
    "updated": 0
  },
  {
    "id": "04aa06e4-93b9-4364-b1ce-57ea3ad0caaa",
    "data": [
      {
        "text": "how about traveling restrictions",
        "userDefined": false
      }
    ],
    "isTemplate": false,
    "count": 0,
    "updated": 0
  },
  {
    "id": "97ca2254-1390-4431-a4d0-018a5a3a416d",
    "data": [
      {
        "text": "I have a trip planned",
        "userDefined": false
      }
    ],
    "isTemplate": false,
    "count": 0,
    "updated": 0
  },
  {
    "id": "077035cb-4856-4e8b-98b8-c5d33b6ced9c",
    "data": [
      {
        "text": "what if I need to travel",
        "userDefined": false
      }
    ],
    "isTemplate": false,
    "count": 0,
    "updated": 0
  },
  {
    "id": "d26da3bf-8ef7-43c1-ae84-30042a217387",
    "data": [
      {
        "text": "Is it safe to travel during ",
        "userDefined": false
      },
      {
        "text": "coronavirus",
        "alias": "covid-19",
        "meta": "@covid-19",
        "userDefined": false
      },
      {
        "text": " outbreak?",
        "userDefined": false
      }
    ],
    "isTemplate": false,
    "count": 0,
    "updated": 0
  },
  {
    "id": "a635cca7-983c-4d64-9ae9-bc5417aef3dd",
    "data": [
      {
        "text": "Can I still travel?",
        "userDefined": false
      }
    ],
    "isTemplate": false,
    "count": 0,
    "updated": 0
  }
]