[
  {
    "id": "7a8b92d2-61bd-477b-b1f6-c5b8a4a87fe4",
    "data": [
      {
        "text": "What are the latest news on covid in SF?",
        "userDefined": false
      }
    ],
    "isTemplate": false,
    "count": 0,
    "updated": 0
  },
  {
    "id": "b854fcfe-3afa-4109-bf46-1c57346bd2f5",
    "data": [
      {
        "text": "Can you give me the latest update?",
        "userDefined": false
      }
    ],
    "isTemplate": false,
    "count": 1,
    "updated": 0
  },
  {
    "id": "1cc8052a-c56c-45a0-bd5f-00ec02c3d686",
    "data": [
      {
        "text": "where can i learn more about covid-19?",
        "userDefined": false
      }
    ],
    "isTemplate": false,
    "count": 0,
    "updated": 0
  },
  {
    "id": "6db0a4bf-8697-4141-9967-98ca5fb78a58",
    "data": [
      {
        "text": "more information on ",
        "userDefined": false
      },
      {
        "text": "coronavirus",
        "alias": "covid-19",
        "meta": "@covid-19",
        "userDefined": false
      }
    ],
    "isTemplate": false,
    "count": 0,
    "updated": 0
  },
  {
    "id": "81f8c7c0-f22d-4dc1-bb99-71d1dcc2d869",
    "data": [
      {
        "text": "I want to learn more about covid-19",
        "userDefined": false
      }
    ],
    "isTemplate": false,
    "count": 0,
    "updated": 0
  },
  {
    "id": "f0222b16-2491-4950-9f64-6c73571a7990",
    "data": [
      {
        "text": "Yes me an latest update.",
        "userDefined": false
      }
    ],
    "isTemplate": false,
    "count": 0,
    "updated": 0
  },
  {
    "id": "d1891ba4-3105-4426-8c46-23ebd79ecf3b",
    "data": [
      {
        "text": "I want to see the latest news about the virus where can I find that",
        "userDefined": false
      }
    ],
    "isTemplate": false,
    "count": 1,
    "updated": 0
  },
  {
    "id": "33889615-98cb-4833-866f-d4adf7194f87",
    "data": [
      {
        "text": "I want to find the latest update about the virus",
        "userDefined": false
      }
    ],
    "isTemplate": false,
    "count": 1,
    "updated": 0
  },
  {
    "id": "ae487809-bdb2-4b02-9838-5c922732251b",
    "data": [
      {
        "text": "can you give me ",
        "userDefined": false
      },
      {
        "text": "coronavirus",
        "alias": "covid-19",
        "meta": "@covid-19",
        "userDefined": false
      },
      {
        "text": " info",
        "userDefined": false
      }
    ],
    "isTemplate": false,
    "count": 0,
    "updated": 0
  },
  {
    "id": "c9a675d5-1f7d-49ab-8381-f9e17c2dc364",
    "data": [
      {
        "text": "what is the latest ",
        "userDefined": false
      },
      {
        "text": "corona",
        "alias": "covid-19",
        "meta": "@covid-19",
        "userDefined": false
      },
      {
        "text": " update",
        "userDefined": false
      }
    ],
    "isTemplate": false,
    "count": 0,
    "updated": 0
  },
  {
    "id": "20471bfe-3614-47f5-97a5-947243b5670f",
    "data": [
      {
        "text": "I need more news about the virus where can I find that",
        "userDefined": false
      }
    ],
    "isTemplate": false,
    "count": 0,
    "updated": 0
  },
  {
    "id": "c6d256ed-b8ab-414e-a593-04b67ae42f56",
    "data": [
      {
        "text": "Where can I find more information about the virus",
        "userDefined": false
      }
    ],
    "isTemplate": false,
    "count": 0,
    "updated": 0
  },
  {
    "id": "a36ada3f-fcfc-4d1d-a23a-1992fee8efe5",
    "data": [
      {
        "text": "Which site has updated information on the coronavirus",
        "userDefined": false
      }
    ],
    "isTemplate": false,
    "count": 0,
    "updated": 0
  },
  {
    "id": "74956fd1-c579-4d17-b485-d903b60b2774",
    "data": [
      {
        "text": "get info on covid 19",
        "userDefined": false
      }
    ],
    "isTemplate": false,
    "count": 0,
    "updated": 0
  },
  {
    "id": "aeadbd05-6ab8-48e4-8ba4-8a052b3d5d15",
    "data": [
      {
        "text": "what\u0027s the latest news",
        "userDefined": false
      }
    ],
    "isTemplate": false,
    "count": 0,
    "updated": 0
  },
  {
    "id": "fe6177a6-e686-4e08-8812-f990ba17f381",
    "data": [
      {
        "text": "What about the latest updates? Can you give me the latest updates?",
        "userDefined": false
      }
    ],
    "isTemplate": false,
    "count": 0,
    "updated": 0
  },
  {
    "id": "8402d756-e5a0-4b2f-993b-f329b2895a93",
    "data": [
      {
        "text": "How can I get the latest updates?",
        "userDefined": false
      }
    ],
    "isTemplate": false,
    "count": 0,
    "updated": 0
  },
  {
    "id": "7a249107-af9e-4ec1-8df3-3883ef910b31",
    "data": [
      {
        "text": "What\u0027s new",
        "userDefined": false
      }
    ],
    "isTemplate": false,
    "count": 0,
    "updated": 0
  },
  {
    "id": "811385f7-760f-4313-8deb-d682597c420f",
    "data": [
      {
        "text": "what is the latest news?",
        "userDefined": false
      }
    ],
    "isTemplate": false,
    "count": 1,
    "updated": 0
  },
  {
    "id": "738eebf2-c46e-486a-8d1a-636addfc1f5c",
    "data": [
      {
        "text": "what is the update for ",
        "userDefined": false
      },
      {
        "text": "Alameda",
        "alias": "geo-city",
        "meta": "@sys.geo-city",
        "userDefined": true
      }
    ],
    "isTemplate": false,
    "count": 0,
    "updated": 0
  },
  {
    "id": "fa4961fa-0e7a-4938-83e9-a56e18cc951d",
    "data": [
      {
        "text": "what is the ",
        "userDefined": false
      },
      {
        "text": "coronavirus",
        "alias": "covid-19",
        "meta": "@covid-19",
        "userDefined": false
      },
      {
        "text": " update in ",
        "userDefined": false
      },
      {
        "text": "San Francisco",
        "alias": "geo-city",
        "meta": "@sys.geo-city",
        "userDefined": true
      },
      {
        "text": "?",
        "userDefined": false
      }
    ],
    "isTemplate": false,
    "count": 0,
    "updated": 0
  },
  {
    "id": "9879d08d-943d-442f-9e39-97f2e45db0bd",
    "data": [
      {
        "text": "what is the ",
        "userDefined": false
      },
      {
        "text": "coronavirus",
        "alias": "covid-19",
        "meta": "@covid-19",
        "userDefined": false
      },
      {
        "text": " update for east bay?",
        "userDefined": false
      }
    ],
    "isTemplate": false,
    "count": 0,
    "updated": 0
  },
  {
    "id": "39d832a7-2f59-46ca-a18e-e590d386dd49",
    "data": [
      {
        "text": "latest news on the global pandemic",
        "userDefined": false
      }
    ],
    "isTemplate": false,
    "count": 0,
    "updated": 0
  },
  {
    "id": "87ec4077-ef6c-4d3f-adab-1bdc5940420f",
    "data": [
      {
        "text": "How is ",
        "userDefined": false
      },
      {
        "text": "China",
        "alias": "geo-country",
        "meta": "@sys.geo-country",
        "userDefined": true
      },
      {
        "text": " doing on ",
        "userDefined": false
      },
      {
        "text": "coronavirus",
        "alias": "covid-19",
        "meta": "@covid-19",
        "userDefined": false
      },
      {
        "text": " now?",
        "userDefined": false
      }
    ],
    "isTemplate": false,
    "count": 0,
    "updated": 0
  },
  {
    "id": "0be367fe-cb1b-4a07-8cce-a5830ca2b440",
    "data": [
      {
        "text": "what\u0027s the situation in the ",
        "userDefined": false
      },
      {
        "text": "US",
        "alias": "geo-country",
        "meta": "@sys.geo-country",
        "userDefined": true
      },
      {
        "text": " right now?",
        "userDefined": false
      }
    ],
    "isTemplate": false,
    "count": 0,
    "updated": 0
  },
  {
    "id": "673c8f6d-5c94-45f9-b02a-599840a5f014",
    "data": [
      {
        "text": "what\u0027s the latest news on ",
        "userDefined": false
      },
      {
        "text": "coronavirus",
        "alias": "covid-19",
        "meta": "@covid-19",
        "userDefined": false
      }
    ],
    "isTemplate": false,
    "count": 0,
    "updated": 0
  },
  {
    "id": "c6bd05fc-1cea-4f11-b485-63a2b0270029",
    "data": [
      {
        "text": "tell me live udpates",
        "userDefined": false
      }
    ],
    "isTemplate": false,
    "count": 0,
    "updated": 0
  },
  {
    "id": "222011ed-425f-4172-a17d-84706f7624c8",
    "data": [
      {
        "text": "latest information on ",
        "userDefined": false
      },
      {
        "text": "coronavirus",
        "alias": "covid-19",
        "meta": "@covid-19",
        "userDefined": false
      }
    ],
    "isTemplate": false,
    "count": 0,
    "updated": 0
  },
  {
    "id": "fd6c672a-d42b-4e56-b3af-6e4b215c846c",
    "data": [
      {
        "text": "I want to know the updates on covid 19",
        "userDefined": false
      }
    ],
    "isTemplate": false,
    "count": 0,
    "updated": 0
  },
  {
    "id": "4aeae4da-f615-4efb-b88f-970120c71cfc",
    "data": [
      {
        "text": "play me latest news on ",
        "userDefined": false
      },
      {
        "text": "coronavirus",
        "alias": "covid-19",
        "meta": "@covid-19",
        "userDefined": false
      }
    ],
    "isTemplate": false,
    "count": 0,
    "updated": 0
  },
  {
    "id": "ca51be52-bf22-4d65-b059-8e3acdbf8762",
    "data": [
      {
        "text": "give me an update on ",
        "userDefined": false
      },
      {
        "text": "conronavirus",
        "alias": "covid-19",
        "meta": "@covid-19",
        "userDefined": false
      }
    ],
    "isTemplate": false,
    "count": 0,
    "updated": 0
  }
]