[
  {
    "id": "34d08235-22db-4d65-907f-606da3a47c78",
    "data": [
      {
        "text": "What about losing sense of taste",
        "userDefined": false
      }
    ],
    "isTemplate": false,
    "count": 0,
    "updated": 0
  },
  {
    "id": "2522a34a-96e7-47c8-b01a-763531a2538a",
    "data": [
      {
        "text": "Is losing sense of smell a symptom of Covid?",
        "userDefined": false
      }
    ],
    "isTemplate": false,
    "count": 0,
    "updated": 0
  },
  {
    "id": "c86092ce-ab33-4a28-8332-fce6ecc573e5",
    "data": [
      {
        "text": "is red eyes a symptom",
        "userDefined": false
      }
    ],
    "isTemplate": false,
    "count": 0,
    "updated": 0
  },
  {
    "id": "2eb811ac-95ab-4757-88ef-b1264d5345ef",
    "data": [
      {
        "text": "what are the symptoms?",
        "userDefined": false
      }
    ],
    "isTemplate": false,
    "count": 1,
    "updated": 0
  },
  {
    "id": "ebdf5bc5-97da-4761-b47b-2f1c8a2bcc1d",
    "data": [
      {
        "text": "is chest pain a symptom",
        "userDefined": false
      }
    ],
    "isTemplate": false,
    "count": 0,
    "updated": 0
  },
  {
    "id": "fc88d059-18e5-4668-8293-4dda1bf415fe",
    "data": [
      {
        "text": "What are the signs of someone who caught Coronavirus?",
        "userDefined": false
      }
    ],
    "isTemplate": false,
    "count": 0,
    "updated": 0
  },
  {
    "id": "123481c0-1caf-412d-b7bd-18b1c2bc07dd",
    "data": [
      {
        "text": "And what are the symptoms?",
        "userDefined": false
      }
    ],
    "isTemplate": false,
    "count": 0,
    "updated": 0
  },
  {
    "id": "1dc4509c-caa0-4f72-a2a9-98bbd64393f4",
    "data": [
      {
        "text": "what happens if you get it",
        "userDefined": false
      }
    ],
    "isTemplate": false,
    "count": 1,
    "updated": 0
  },
  {
    "id": "4655c462-7b94-431f-8ce3-4816a0c663d3",
    "data": [
      {
        "text": "what happens if you get the virus",
        "userDefined": false
      }
    ],
    "isTemplate": false,
    "count": 0,
    "updated": 0
  },
  {
    "id": "d333d0a8-2ffa-4096-8708-7f9365c99e9a",
    "data": [
      {
        "text": "what happens when you get the virus",
        "userDefined": false
      }
    ],
    "isTemplate": false,
    "count": 0,
    "updated": 0
  },
  {
    "id": "70363a51-c656-460b-9d60-c10495257272",
    "data": [
      {
        "text": "how do I know if I have it",
        "userDefined": false
      }
    ],
    "isTemplate": false,
    "count": 0,
    "updated": 0
  },
  {
    "id": "708b94f3-4cfc-4817-97c9-722894584325",
    "data": [
      {
        "text": "How do I know if I have it or not?",
        "userDefined": false
      }
    ],
    "isTemplate": false,
    "count": 0,
    "updated": 0
  },
  {
    "id": "c0f02ac8-4eb6-401a-b01d-8298cb04eafb",
    "data": [
      {
        "text": "what indicates that I might have it",
        "userDefined": false
      }
    ],
    "isTemplate": false,
    "count": 1,
    "updated": 0
  },
  {
    "id": "a3cab579-ac1d-4278-82df-5ae1bd78e180",
    "data": [
      {
        "text": "what indications",
        "userDefined": false
      }
    ],
    "isTemplate": false,
    "count": 0,
    "updated": 0
  },
  {
    "id": "19fc358a-162b-4504-9033-e4615330c609",
    "data": [
      {
        "text": "What are the top symptom of covid-19?",
        "userDefined": false
      }
    ],
    "isTemplate": false,
    "count": 0,
    "updated": 0
  },
  {
    "id": "8751b106-54e9-4c91-b16d-cf626fe4bf83",
    "data": [
      {
        "text": "how do I know if I have the virus?",
        "userDefined": false
      }
    ],
    "isTemplate": false,
    "count": 1,
    "updated": 0
  },
  {
    "id": "a1780b89-ed30-4cb9-a6e8-b22b4e908094",
    "data": [
      {
        "text": "what are main symptoms of covid-19?",
        "userDefined": false
      }
    ],
    "isTemplate": false,
    "count": 0,
    "updated": 0
  },
  {
    "id": "66a81446-c7da-4cc4-a2c6-b7cba240a4e1",
    "data": [
      {
        "text": "My throat is scratchy, how do i know if it is serious?",
        "userDefined": false
      }
    ],
    "isTemplate": false,
    "count": 0,
    "updated": 0
  },
  {
    "id": "cbb18fd0-85c8-412a-968f-80bed6a746bb",
    "data": [
      {
        "text": "What are covid symptoms?",
        "userDefined": false
      }
    ],
    "isTemplate": false,
    "count": 0,
    "updated": 0
  },
  {
    "id": "055e63f8-136f-41fa-8c1b-a00709c0476a",
    "data": [
      {
        "text": "how do i find out if i have covid-19",
        "userDefined": false
      }
    ],
    "isTemplate": false,
    "count": 0,
    "updated": 0
  },
  {
    "id": "c8b5e6b1-35c3-478b-bfd2-0164a291c029",
    "data": [
      {
        "text": "What are the symptoms of covid-19",
        "userDefined": false
      }
    ],
    "isTemplate": false,
    "count": 0,
    "updated": 0
  },
  {
    "id": "7274bacd-a26b-417c-8e04-36a1e6a4a870",
    "data": [
      {
        "text": "I have a rash, is that a symptom?",
        "userDefined": false
      }
    ],
    "isTemplate": false,
    "count": 0,
    "updated": 0
  },
  {
    "id": "8734e1c7-6e65-412c-8f23-e4afaa5e5383",
    "data": [
      {
        "text": "how do i know if i have coronavirus?",
        "userDefined": false
      }
    ],
    "isTemplate": false,
    "count": 0,
    "updated": 0
  },
  {
    "id": "5a3d867f-b2a7-42a0-b7d6-20935ce79b6e",
    "data": [
      {
        "text": "What are the symptoms of covid-19?",
        "userDefined": false
      }
    ],
    "isTemplate": false,
    "count": 0,
    "updated": 0
  },
  {
    "id": "aa5cbdaf-8855-4752-90ec-5aee30afb978",
    "data": [
      {
        "text": "Tell me about symptoms.",
        "userDefined": false
      }
    ],
    "isTemplate": false,
    "count": 0,
    "updated": 0
  },
  {
    "id": "1538b59b-8ab0-4ad9-bca0-79d3bfbf1921",
    "data": [
      {
        "text": "do you have a symptom checklist?",
        "userDefined": false
      }
    ],
    "isTemplate": false,
    "count": 1,
    "updated": 0
  },
  {
    "id": "b58c7242-bb0b-405a-bfac-a4be002b13ed",
    "data": [
      {
        "text": "How can I tell if I have covid-19?",
        "userDefined": false
      }
    ],
    "isTemplate": false,
    "count": 1,
    "updated": 0
  },
  {
    "id": "01bb064b-8bb0-485c-896a-9a175d36fbfb",
    "data": [
      {
        "text": "how can i tell if i have covid-19?",
        "userDefined": false
      }
    ],
    "isTemplate": false,
    "count": 0,
    "updated": 0
  },
  {
    "id": "e53770f5-ead4-4edb-b8bb-1f746c7b5671",
    "data": [
      {
        "text": "how do I check for symptoms?",
        "userDefined": false
      }
    ],
    "isTemplate": false,
    "count": 0,
    "updated": 0
  },
  {
    "id": "0e644ad4-4306-49b1-820d-cf9cc0d90f53",
    "data": [
      {
        "text": "What are the symptoms?",
        "userDefined": false
      }
    ],
    "isTemplate": false,
    "count": 0,
    "updated": 0
  },
  {
    "id": "67e338b8-9e7e-46c2-b042-c82bdaa3566a",
    "data": [
      {
        "text": "What is the signs of covid-19?",
        "userDefined": false
      }
    ],
    "isTemplate": false,
    "count": 0,
    "updated": 0
  },
  {
    "id": "f22879f0-6458-4dbe-8fda-f1c90b24e30c",
    "data": [
      {
        "text": "How do I know if I\u0027m feeling exposed?",
        "userDefined": false
      }
    ],
    "isTemplate": false,
    "count": 0,
    "updated": 0
  },
  {
    "id": "47162d75-446e-4c0c-a236-fdfb8e79afbe",
    "data": [
      {
        "text": "What are the symptoms of Coronavirus?",
        "userDefined": false
      }
    ],
    "isTemplate": false,
    "count": 0,
    "updated": 0
  },
  {
    "id": "a4417a8b-7929-455a-93cf-1007a022294c",
    "data": [
      {
        "text": "How to tell if i am infected?",
        "userDefined": false
      }
    ],
    "isTemplate": false,
    "count": 0,
    "updated": 0
  },
  {
    "id": "668f33ed-5e6d-4564-a2ed-574760e5fd0e",
    "data": [
      {
        "text": "what is it like to have the virus?",
        "userDefined": false
      }
    ],
    "isTemplate": false,
    "count": 0,
    "updated": 0
  },
  {
    "id": "9acd53d8-7031-44b8-9dca-b0e4e2bc0dc4",
    "data": [
      {
        "text": "what is it like to have the virus",
        "userDefined": false
      }
    ],
    "isTemplate": false,
    "count": 0,
    "updated": 0
  },
  {
    "id": "576272af-9e0c-4c66-acc1-04bc2376f385",
    "data": [
      {
        "text": "what symptoms",
        "userDefined": false
      }
    ],
    "isTemplate": false,
    "count": 0,
    "updated": 0
  },
  {
    "id": "b6898f48-59a2-4874-8538-68813a8f8793",
    "data": [
      {
        "text": "is a runny nose a symptom of corona virus?",
        "userDefined": false
      }
    ],
    "isTemplate": false,
    "count": 0,
    "updated": 0
  },
  {
    "id": "950678ff-590b-48d5-af76-8d3c731a8f7d",
    "data": [
      {
        "text": "what should I look for to indicate I need a test for the covid19 virus",
        "userDefined": false
      }
    ],
    "isTemplate": false,
    "count": 0,
    "updated": 0
  },
  {
    "id": "fe71bd71-27cd-45c7-89ae-8fd7623bd54f",
    "data": [
      {
        "text": "How do I know if I have the virus?",
        "userDefined": false
      }
    ],
    "isTemplate": false,
    "count": 0,
    "updated": 0
  },
  {
    "id": "018fe789-8913-49bf-a709-0b9a5085614c",
    "data": [
      {
        "text": "what symptoms do people show?",
        "userDefined": false
      }
    ],
    "isTemplate": false,
    "count": 0,
    "updated": 0
  },
  {
    "id": "b6184378-e596-4b82-8bfc-84277288b45d",
    "data": [
      {
        "text": "Covid symptoms",
        "userDefined": false
      }
    ],
    "isTemplate": false,
    "count": 0,
    "updated": 0
  },
  {
    "id": "15aa3913-ff47-4c83-86cc-10990c163d01",
    "data": [
      {
        "text": "Symptoms",
        "userDefined": false
      }
    ],
    "isTemplate": false,
    "count": 0,
    "updated": 0
  },
  {
    "id": "222fa636-10e7-410e-8f15-b35f677f2658",
    "data": [
      {
        "text": "symptoms",
        "userDefined": false
      }
    ],
    "isTemplate": false,
    "count": 1,
    "updated": 0
  },
  {
    "id": "4fe66d6e-39e4-4805-ae37-f65b2dce1a33",
    "data": [
      {
        "text": "How do I know if I\u0027m sick?",
        "userDefined": false
      }
    ],
    "isTemplate": false,
    "count": 0,
    "updated": 0
  },
  {
    "id": "a1129e25-6243-4323-9e6c-9f8fff390b68",
    "data": [
      {
        "text": "what are the symptoms of code 19",
        "userDefined": false
      }
    ],
    "isTemplate": false,
    "count": 0,
    "updated": 0
  },
  {
    "id": "bdeaae84-85e7-4f82-88f4-8b95b6f09ad0",
    "data": [
      {
        "text": "what symptoms should i be concerned about",
        "userDefined": false
      }
    ],
    "isTemplate": false,
    "count": 0,
    "updated": 0
  },
  {
    "id": "c8ad2681-d9b4-48a6-85c9-475ee7392ae5",
    "data": [
      {
        "text": "What are the symptoms",
        "userDefined": false
      }
    ],
    "isTemplate": false,
    "count": 0,
    "updated": 0
  },
  {
    "id": "23158abc-ece5-4f20-b457-9289af45b0fe",
    "data": [
      {
        "text": "How do I know if I\u0027m infected?",
        "userDefined": false
      }
    ],
    "isTemplate": false,
    "count": 1,
    "updated": 0
  },
  {
    "id": "356cc626-f6ca-44a9-b445-a1bc198f3006",
    "data": [
      {
        "text": "How do I know that I\u0027m infected by the Coronavirus?",
        "userDefined": false
      }
    ],
    "isTemplate": false,
    "count": 0,
    "updated": 0
  },
  {
    "id": "4026ba39-776b-4e16-8522-46edc87aa955",
    "data": [
      {
        "text": "what are the symptoms",
        "userDefined": false
      }
    ],
    "isTemplate": false,
    "count": 0,
    "updated": 0
  },
  {
    "id": "f4bc0d60-8b57-4a17-8ebf-da6e275a6bfd",
    "data": [
      {
        "text": "OK and what if I have symptoms, how do I know? What are the symptoms?",
        "userDefined": false
      }
    ],
    "isTemplate": false,
    "count": 0,
    "updated": 0
  },
  {
    "id": "dddca032-173b-443e-910c-aad3dbe9f359",
    "data": [
      {
        "text": "I\u0027m not sure if I have Corona",
        "userDefined": false
      }
    ],
    "isTemplate": false,
    "count": 0,
    "updated": 0
  },
  {
    "id": "07be4a6b-60c9-496e-979e-c68a4d1924e7",
    "data": [
      {
        "text": "how do I know if I have corona virus",
        "userDefined": false
      }
    ],
    "isTemplate": false,
    "count": 0,
    "updated": 0
  },
  {
    "id": "a7e2c830-f1d7-400a-9f6b-e0937337edfa",
    "data": [
      {
        "text": "what are the sypmtoms?",
        "userDefined": false
      }
    ],
    "isTemplate": false,
    "count": 0,
    "updated": 0
  },
  {
    "id": "c9fbcc5c-706b-432e-87be-181d7b803c94",
    "data": [
      {
        "text": "what are the symptoms this coronavirus causes?",
        "userDefined": false
      }
    ],
    "isTemplate": false,
    "count": 0,
    "updated": 0
  },
  {
    "id": "77478501-72a8-4b6a-8440-5057e7824e9a",
    "data": [
      {
        "text": "how can I tell if I have coronavirus?",
        "userDefined": false
      }
    ],
    "isTemplate": false,
    "count": 0,
    "updated": 0
  },
  {
    "id": "535142f9-8b25-4f71-90cb-70ca88ef58d0",
    "data": [
      {
        "text": "symptoms of coronavirus",
        "userDefined": false
      }
    ],
    "isTemplate": false,
    "count": 0,
    "updated": 0
  },
  {
    "id": "1c292b8e-97e6-42db-ac30-b6508d18fe33",
    "data": [
      {
        "text": "common symptoms of covid ",
        "userDefined": false
      },
      {
        "text": "19",
        "meta": "@sys.ignore",
        "userDefined": false
      }
    ],
    "isTemplate": false,
    "count": 1,
    "updated": 0
  },
  {
    "id": "c046c86c-05b7-41b5-8fba-77eae44d0203",
    "data": [
      {
        "text": "how can i tell if i am infected?",
        "userDefined": false
      }
    ],
    "isTemplate": false,
    "count": 0,
    "updated": 0
  },
  {
    "id": "4affe5f3-3516-4623-bbb7-80e1058b9279",
    "data": [
      {
        "text": "flu symptoms vs coronavirus symptoms",
        "userDefined": false
      }
    ],
    "isTemplate": false,
    "count": 0,
    "updated": 0
  },
  {
    "id": "9895ca98-0583-4b89-91e6-1e282a257b96",
    "data": [
      {
        "text": "what are the common coronavirus symptoms?",
        "userDefined": false
      }
    ],
    "isTemplate": false,
    "count": 0,
    "updated": 0
  },
  {
    "id": "8d2d708f-b9fc-4fc6-80a4-ebac69a45159",
    "data": [
      {
        "text": "what are the warning signs to know about coronavirus?",
        "userDefined": false
      }
    ],
    "isTemplate": false,
    "count": 0,
    "updated": 0
  },
  {
    "id": "bdec017d-5a87-43c2-88c4-bc25d8c201d8",
    "data": [
      {
        "text": "how does the new coronavirus symptoms compare with the flu?",
        "userDefined": false
      }
    ],
    "isTemplate": false,
    "count": 0,
    "updated": 0
  },
  {
    "id": "4e678a57-7fae-4eee-a1ca-d1d3f0febb22",
    "data": [
      {
        "text": "what are the signs of a coronavirus infection?",
        "userDefined": false
      }
    ],
    "isTemplate": false,
    "count": 0,
    "updated": 0
  },
  {
    "id": "4c9ae1c3-8ae2-47ea-9ccb-c61b138ea0d4",
    "data": [
      {
        "text": "what are the symptoms and complications that COVID-19 can cause?",
        "userDefined": false
      }
    ],
    "isTemplate": false,
    "count": 0,
    "updated": 0
  },
  {
    "id": "876c5b1e-5ddb-4d86-aa3a-7ef7c68bb8b5",
    "data": [
      {
        "text": "how do I know if I have caught coronavirus or not?",
        "userDefined": false
      }
    ],
    "isTemplate": false,
    "count": 0,
    "updated": 0
  },
  {
    "id": "4ebdd51c-3532-4084-bdd7-1fd058f8d245",
    "data": [
      {
        "text": "what are the signs of someone who had caught covid-19?",
        "userDefined": false
      }
    ],
    "isTemplate": false,
    "count": 0,
    "updated": 0
  }
]