[
  {
    "id": "4e89bab0-1a20-49c4-a22b-ab13275e9c32",
    "data": [
      {
        "text": "Wash hands",
        "userDefined": false
      }
    ],
    "isTemplate": false,
    "count": 0,
    "updated": 0
  },
  {
    "id": "9f5b55c4-71d7-4ed5-bebb-fde669228a54",
    "data": [
      {
        "text": "How often should I wash my hands?",
        "userDefined": false
      }
    ],
    "isTemplate": false,
    "count": 0,
    "updated": 0
  },
  {
    "id": "738debf0-0d0d-4677-a065-867eb8e4b073",
    "data": [
      {
        "text": "how to clean my hands to protect myself from getting the virus",
        "userDefined": false
      }
    ],
    "isTemplate": false,
    "count": 0,
    "updated": 0
  },
  {
    "id": "5fc0b589-776d-4c82-8ea3-200891f27b23",
    "data": [
      {
        "text": "How can I wash my hands?",
        "userDefined": false
      }
    ],
    "isTemplate": false,
    "count": 0,
    "updated": 0
  },
  {
    "id": "306ebafc-759d-4630-9bd7-3b074e472398",
    "data": [
      {
        "text": "Can you give me tips on washing hands?",
        "userDefined": false
      }
    ],
    "isTemplate": false,
    "count": 0,
    "updated": 0
  },
  {
    "id": "0c08afce-e1d7-4c62-87fa-e9b6f7483416",
    "data": [
      {
        "text": "is it really that important to wash hands",
        "userDefined": false
      }
    ],
    "isTemplate": false,
    "count": 0,
    "updated": 0
  },
  {
    "id": "804aeef6-f017-4d3b-b338-5fe9f83b1464",
    "data": [
      {
        "text": "how often should you wash your hands?",
        "userDefined": false
      }
    ],
    "isTemplate": false,
    "count": 0,
    "updated": 0
  },
  {
    "id": "4606090c-0b6a-4878-ad12-47b75668f500",
    "data": [
      {
        "text": "why so important to clean hands",
        "userDefined": false
      }
    ],
    "isTemplate": false,
    "count": 0,
    "updated": 0
  },
  {
    "id": "c36d3c74-bb7c-47f1-8201-a26592e022ba",
    "data": [
      {
        "text": "advice for wash hands",
        "userDefined": false
      }
    ],
    "isTemplate": false,
    "count": 0,
    "updated": 0
  },
  {
    "id": "77ca23de-8380-4e0d-ac3d-6503ad005480",
    "data": [
      {
        "text": "how to wash your hands correctly to limit spread of disease",
        "userDefined": false
      }
    ],
    "isTemplate": false,
    "count": 0,
    "updated": 0
  },
  {
    "id": "7d9cfdf9-664f-4041-b8dc-e3a6df8d065f",
    "data": [
      {
        "text": "why hand washing matters?",
        "userDefined": false
      }
    ],
    "isTemplate": false,
    "count": 0,
    "updated": 0
  },
  {
    "id": "a0722797-7425-4dbc-99c2-aa60f5a7e53d",
    "data": [
      {
        "text": "how long do i need to wash my hands?",
        "userDefined": false
      }
    ],
    "isTemplate": false,
    "count": 0,
    "updated": 0
  },
  {
    "id": "4cec2ea2-74c1-4b53-9438-5c765f8a2d3f",
    "data": [
      {
        "text": "proper hand wash fights coronavirus",
        "userDefined": false
      }
    ],
    "isTemplate": false,
    "count": 0,
    "updated": 0
  },
  {
    "id": "284e0855-643d-4c57-a194-b36b0fa92fa9",
    "data": [
      {
        "text": "can the coronavirus be killed by washing hands?",
        "userDefined": false
      }
    ],
    "isTemplate": false,
    "count": 0,
    "updated": 0
  },
  {
    "id": "7e079cac-fd89-47c4-a806-f87311358a85",
    "data": [
      {
        "text": "can a thorough hand wash prevent disease?",
        "userDefined": false
      }
    ],
    "isTemplate": false,
    "count": 0,
    "updated": 0
  },
  {
    "id": "e8c11c56-9c02-435f-92db-63284afa18d9",
    "data": [
      {
        "text": "Is soap better than hand sanitizer to prevent infection?",
        "userDefined": false
      }
    ],
    "isTemplate": false,
    "count": 0,
    "updated": 0
  },
  {
    "id": "b4c94eee-4e6a-40d7-9ea2-d9e689d9fb76",
    "data": [
      {
        "text": "hand washing tips",
        "userDefined": false
      }
    ],
    "isTemplate": false,
    "count": 0,
    "updated": 0
  },
  {
    "id": "686bb4ca-95ba-484b-b71e-efd055dd3a9b",
    "data": [
      {
        "text": "how to clean your hands to protect against coronavirus",
        "userDefined": false
      }
    ],
    "isTemplate": false,
    "count": 0,
    "updated": 0
  },
  {
    "id": "e7663081-1021-417d-a2e5-5e83e7fca08d",
    "data": [
      {
        "text": "what are the proper steps of washing hands?",
        "userDefined": false
      }
    ],
    "isTemplate": false,
    "count": 0,
    "updated": 0
  },
  {
    "id": "ba300407-c6b0-41da-805e-47fa564ea1de",
    "data": [
      {
        "text": "what do i need to know about washing my hands effectively?",
        "userDefined": false
      }
    ],
    "isTemplate": false,
    "count": 0,
    "updated": 0
  }
]