[
  {
    "id": "7d56ab37-ad1c-4fb4-96fd-af3606c5db1e",
    "data": [
      {
        "text": "Well the warm weather stop the disease.",
        "userDefined": false
      }
    ],
    "isTemplate": false,
    "count": 0,
    "updated": 0
  },
  {
    "id": "d852dc95-a133-4043-8048-dfd6540c7578",
    "data": [
      {
        "text": "can the temperature have an effect on the virus spread",
        "userDefined": false
      }
    ],
    "isTemplate": false,
    "count": 0,
    "updated": 0
  },
  {
    "id": "d79475c9-1ff1-4321-8564-70158489de58",
    "data": [
      {
        "text": "Will a warm weather start stop covid-19?",
        "userDefined": false
      }
    ],
    "isTemplate": false,
    "count": 0,
    "updated": 0
  },
  {
    "id": "d9667a61-a00f-4804-814a-4f974c97aa2a",
    "data": [
      {
        "text": "will corona dissapear when it gets warmer outside",
        "userDefined": false
      }
    ],
    "isTemplate": false,
    "count": 0,
    "updated": 0
  },
  {
    "id": "7031ff8d-fa74-4b4e-9fe4-4297e9b80b72",
    "data": [
      {
        "text": "Can weather change?",
        "userDefined": false
      }
    ],
    "isTemplate": false,
    "count": 0,
    "updated": 0
  },
  {
    "id": "0f5e5253-028d-41f4-aaf7-830ba375c473",
    "data": [
      {
        "text": "Will warm weather stop the outbreak?",
        "userDefined": false
      }
    ],
    "isTemplate": false,
    "count": 0,
    "updated": 0
  },
  {
    "id": "c81440ad-6f98-4701-8143-6ff9c877f275",
    "data": [
      {
        "text": "does weather have an impact on the virus",
        "userDefined": false
      }
    ],
    "isTemplate": false,
    "count": 2,
    "updated": 0
  },
  {
    "id": "19ddec7f-d8c7-4497-acd8-32e3e4a71719",
    "data": [
      {
        "text": "is it easier to spread if the climate is cold",
        "userDefined": false
      }
    ],
    "isTemplate": false,
    "count": 0,
    "updated": 0
  },
  {
    "id": "a4123c94-c129-41e4-9c80-ecae4d5ccb24",
    "data": [
      {
        "text": "Does the weather have an impact on the virus?",
        "userDefined": false
      }
    ],
    "isTemplate": false,
    "count": 0,
    "updated": 0
  },
  {
    "id": "dd0f9e6f-d400-41e9-8843-3d6712006e87",
    "data": [
      {
        "text": "can hot weather prevent the virus to spread",
        "userDefined": false
      }
    ],
    "isTemplate": false,
    "count": 0,
    "updated": 0
  },
  {
    "id": "288fd731-1ebc-4b61-b330-4e561aa686b5",
    "data": [
      {
        "text": "can weather stop the virus",
        "userDefined": false
      }
    ],
    "isTemplate": false,
    "count": 0,
    "updated": 0
  },
  {
    "id": "980ee71d-c020-4293-b1c6-eb48deff42a6",
    "data": [
      {
        "text": "Is covid-19 seasonal?",
        "userDefined": false
      }
    ],
    "isTemplate": false,
    "count": 0,
    "updated": 0
  },
  {
    "id": "0a123f76-379a-492d-9fda-3191b46fe231",
    "data": [
      {
        "text": "Is covid-",
        "userDefined": false
      },
      {
        "text": "19",
        "meta": "@sys.ignore",
        "userDefined": false
      },
      {
        "text": " seasonal?",
        "userDefined": false
      }
    ],
    "isTemplate": false,
    "count": 0,
    "updated": 0
  },
  {
    "id": "77d3f98e-ac1a-419b-a5bc-a67b143438c1",
    "data": [
      {
        "text": "Is there a certain temperature in which the virus dies?",
        "userDefined": false
      }
    ],
    "isTemplate": false,
    "count": 0,
    "updated": 0
  },
  {
    "id": "c0794a51-7ef2-46b1-bcfb-0f19039bf843",
    "data": [
      {
        "text": "does the virus die if you cool it or heat it up?",
        "userDefined": false
      }
    ],
    "isTemplate": false,
    "count": 0,
    "updated": 0
  },
  {
    "id": "e4b21dda-d04c-4539-b36f-d3e93bcd5f1f",
    "data": [
      {
        "text": "Will warm weather stop the outbreak of COVID-19?",
        "userDefined": false
      }
    ],
    "isTemplate": false,
    "count": 0,
    "updated": 0
  }
]