[
  {
    "id": "04964c59-0408-4f39-a52f-635f5d489970",
    "data": [
      {
        "text": "Where can I get a vaccine?",
        "userDefined": false
      }
    ],
    "isTemplate": false,
    "count": 0,
    "updated": 0
  },
  {
    "id": "4b45e070-c598-4e53-a947-baa325b8c38c",
    "data": [
      {
        "text": "What about vaccines?",
        "userDefined": false
      }
    ],
    "isTemplate": false,
    "count": 0,
    "updated": 0
  },
  {
    "id": "58c5f195-4518-4ba5-860b-1c36d0f8e0ae",
    "data": [
      {
        "text": "Can I get a vaccine?",
        "userDefined": false
      }
    ],
    "isTemplate": false,
    "count": 0,
    "updated": 0
  },
  {
    "id": "eb256d53-1716-4623-a4b7-99b1518a295e",
    "data": [
      {
        "text": "I need a vaccine",
        "userDefined": false
      }
    ],
    "isTemplate": false,
    "count": 0,
    "updated": 0
  },
  {
    "id": "efec5b39-7a7b-4cf0-801d-4964fdde93a5",
    "data": [
      {
        "text": "Vaccine",
        "userDefined": false
      }
    ],
    "isTemplate": false,
    "count": 0,
    "updated": 0
  },
  {
    "id": "07d2c972-2c81-49fc-83c3-e179ad2844db",
    "data": [
      {
        "text": "Do we have a vaccine available?",
        "userDefined": false
      }
    ],
    "isTemplate": false,
    "count": 0,
    "updated": 0
  },
  {
    "id": "59756f46-7cba-42e2-8be9-92c1da69988f",
    "data": [
      {
        "text": "when will they start testing vaccine",
        "userDefined": false
      }
    ],
    "isTemplate": false,
    "count": 0,
    "updated": 0
  },
  {
    "id": "e72319b7-1853-4999-91e4-31c6d75f754d",
    "data": [
      {
        "text": "Shall I get a pneumonia vaccine?",
        "userDefined": false
      }
    ],
    "isTemplate": false,
    "count": 1,
    "updated": 0
  },
  {
    "id": "a66cacc3-88b1-4567-bed2-d44fc8bf4d21",
    "data": [
      {
        "text": "is there a vaccine?",
        "userDefined": false
      }
    ],
    "isTemplate": false,
    "count": 0,
    "updated": 0
  },
  {
    "id": "fcbd1072-4162-4e88-927c-058ad1da093b",
    "data": [
      {
        "text": "Shall i get a flu shot?",
        "userDefined": false
      }
    ],
    "isTemplate": false,
    "count": 0,
    "updated": 0
  },
  {
    "id": "b4c4ee69-88bc-4353-97f9-b8fae687287c",
    "data": [
      {
        "text": "Is there a vaccine?",
        "userDefined": false
      }
    ],
    "isTemplate": false,
    "count": 0,
    "updated": 0
  },
  {
    "id": "a51c5c7f-4af4-4f6a-a445-429c9ae3bd23",
    "data": [
      {
        "text": "When can I expect a vaccine?",
        "userDefined": false
      }
    ],
    "isTemplate": false,
    "count": 0,
    "updated": 0
  },
  {
    "id": "9fed8f05-23a1-4815-adc9-2668338ebcbb",
    "data": [
      {
        "text": "Is there a vaccine yet?",
        "userDefined": false
      }
    ],
    "isTemplate": false,
    "count": 1,
    "updated": 0
  },
  {
    "id": "7c88b1c6-c6bf-4986-893d-de15cb884f62",
    "data": [
      {
        "text": "how far away is a ",
        "userDefined": false
      },
      {
        "text": "coronavirus",
        "alias": "covid-19",
        "meta": "@covid-19",
        "userDefined": false
      },
      {
        "text": " vaccine?",
        "userDefined": false
      }
    ],
    "isTemplate": false,
    "count": 0,
    "updated": 0
  },
  {
    "id": "be112eef-2ac2-42e4-a247-4eec84ba1daa",
    "data": [
      {
        "text": "Where are we in the quest for a ",
        "userDefined": false
      },
      {
        "text": "coronavirus",
        "alias": "covid-19",
        "meta": "@covid-19",
        "userDefined": false
      },
      {
        "text": " vaccine",
        "userDefined": false
      }
    ],
    "isTemplate": false,
    "count": 0,
    "updated": 0
  },
  {
    "id": "a78048f6-9aca-4cec-8c19-54fc77b72a0c",
    "data": [
      {
        "text": "are we still waiting on the vaccine to be developed?",
        "userDefined": false
      }
    ],
    "isTemplate": false,
    "count": 0,
    "updated": 0
  },
  {
    "id": "bce33a43-f04c-4776-9b75-a2a9ffc065d1",
    "data": [
      {
        "text": "When could be see a ",
        "userDefined": false
      },
      {
        "text": "coronavirus",
        "alias": "covid-19",
        "meta": "@covid-19",
        "userDefined": false
      },
      {
        "text": " vaccine?",
        "userDefined": false
      }
    ],
    "isTemplate": false,
    "count": 0,
    "updated": 0
  },
  {
    "id": "33768d6d-f81b-4673-8ff6-04035ef9aa96",
    "data": [
      {
        "text": "Is it true that we have a vaccine already?",
        "userDefined": false
      }
    ],
    "isTemplate": false,
    "count": 0,
    "updated": 0
  },
  {
    "id": "0e46a2a6-f6c3-42e1-8e38-716170f85be9",
    "data": [
      {
        "text": "Is a vaccine for the ",
        "userDefined": false
      },
      {
        "text": "coronavirus",
        "alias": "covid-19",
        "meta": "@covid-19",
        "userDefined": false
      },
      {
        "text": " coming?",
        "userDefined": false
      }
    ],
    "isTemplate": false,
    "count": 0,
    "updated": 0
  },
  {
    "id": "1a202445-b553-4a96-bc4c-a14b2a8667e0",
    "data": [
      {
        "text": "coronavirus",
        "alias": "covid-19",
        "meta": "@covid-19",
        "userDefined": false
      },
      {
        "text": " vaccine",
        "userDefined": false
      }
    ],
    "isTemplate": false,
    "count": 0,
    "updated": 0
  },
  {
    "id": "80b5d2d3-a326-4927-9189-41ea5d330c18",
    "data": [
      {
        "text": "Is a covid-19 vaccine coming soon?",
        "userDefined": false
      }
    ],
    "isTemplate": false,
    "count": 0,
    "updated": 0
  },
  {
    "id": "56e1d719-a8be-454a-b00d-3aca7d01eb81",
    "data": [
      {
        "text": "How close are we to a vaccine?",
        "userDefined": false
      }
    ],
    "isTemplate": false,
    "count": 0,
    "updated": 0
  },
  {
    "id": "f57cda39-8acf-4534-8c6b-1c31fcd29625",
    "data": [
      {
        "text": "When will a ",
        "userDefined": false
      },
      {
        "text": "coronavirus",
        "alias": "covid-19",
        "meta": "@covid-19",
        "userDefined": false
      },
      {
        "text": " vaccine be ready?",
        "userDefined": false
      }
    ],
    "isTemplate": false,
    "count": 0,
    "updated": 0
  },
  {
    "id": "78e2aaf0-af4b-4068-bfb9-996b1df143c8",
    "data": [
      {
        "text": "Is there a vaccine available?",
        "userDefined": false
      }
    ],
    "isTemplate": false,
    "count": 0,
    "updated": 0
  },
  {
    "id": "6dba9afb-d272-485c-9299-5c1c0b5bd66c",
    "data": [
      {
        "text": "Is there a vaccine for ",
        "userDefined": false
      },
      {
        "text": "coronavirus",
        "alias": "covid-19",
        "meta": "@covid-19",
        "userDefined": false
      },
      {
        "text": "?",
        "userDefined": false
      }
    ],
    "isTemplate": false,
    "count": 0,
    "updated": 0
  }
]