[
  {
    "id": "0031e932-fd08-4a6e-9000-f6d28c67ad32",
    "data": [
      {
        "text": "Do I need to wear mask?",
        "userDefined": false
      }
    ],
    "isTemplate": false,
    "count": 0,
    "updated": 0
  },
  {
    "id": "e361af71-0733-4b0b-b975-8e296ae16d13",
    "data": [
      {
        "text": "where to buy face masks ?",
        "userDefined": false
      }
    ],
    "isTemplate": false,
    "count": 0,
    "updated": 0
  },
  {
    "id": "f86633bf-17ef-4978-8d84-af3040958eb4",
    "data": [
      {
        "text": "Hi, we can I get surgical mask.",
        "userDefined": false
      }
    ],
    "isTemplate": false,
    "count": 0,
    "updated": 0
  },
  {
    "id": "7be00908-7e79-4758-9529-b9faa3f7a772",
    "data": [
      {
        "text": "Do I need to wear a surgical mask?",
        "userDefined": false
      }
    ],
    "isTemplate": false,
    "count": 0,
    "updated": 0
  },
  {
    "id": "47a2727c-5659-4c09-8c94-0219c7561ee4",
    "data": [
      {
        "text": "should I wear a mask when I go out",
        "userDefined": false
      }
    ],
    "isTemplate": false,
    "count": 0,
    "updated": 0
  },
  {
    "id": "5d20c5f3-f676-43e9-a6e2-731db9cb15dd",
    "data": [
      {
        "text": "does it help wearing a mask",
        "userDefined": false
      }
    ],
    "isTemplate": false,
    "count": 0,
    "updated": 0
  },
  {
    "id": "3e04bb83-edbb-4db9-9350-557d23e670da",
    "data": [
      {
        "text": "Where can I get a mask?",
        "userDefined": false
      }
    ],
    "isTemplate": false,
    "count": 0,
    "updated": 0
  },
  {
    "id": "0097c6d1-77fa-48df-a553-7d93fe47d49e",
    "data": [
      {
        "text": "where can I get masks",
        "userDefined": false
      }
    ],
    "isTemplate": false,
    "count": 0,
    "updated": 0
  },
  {
    "id": "ba71306e-90de-4f4d-a73a-7e68188d48af",
    "data": [
      {
        "text": "are masks effective at stopping the virus?",
        "userDefined": false
      }
    ],
    "isTemplate": false,
    "count": 0,
    "updated": 0
  },
  {
    "id": "4a1df487-0bf4-4a85-a3e6-bfccc372f27b",
    "data": [
      {
        "text": "does wearing a mask really help?",
        "userDefined": false
      }
    ],
    "isTemplate": false,
    "count": 0,
    "updated": 0
  },
  {
    "id": "c7ecead4-3ea8-4dfc-94a5-3d8236dc9113",
    "data": [
      {
        "text": "do face masks work for stopping covid-19?",
        "userDefined": false
      }
    ],
    "isTemplate": false,
    "count": 0,
    "updated": 0
  },
  {
    "id": "e9892748-329d-42a8-81a4-8c3e61ff454b",
    "data": [
      {
        "text": "Is it true that face masks won\u0027t prevent coronavirus?",
        "userDefined": false
      }
    ],
    "isTemplate": false,
    "count": 0,
    "updated": 0
  },
  {
    "id": "6a7c5385-f54c-4d3a-9d19-c08d13262e29",
    "data": [
      {
        "text": "should I wear a face mask to protect against corona virus?",
        "userDefined": false
      }
    ],
    "isTemplate": false,
    "count": 0,
    "updated": 0
  },
  {
    "id": "2dd3dc0a-2ac8-416b-bda9-65ac8fee4f15",
    "data": [
      {
        "text": "can a face mask stop coronavirus?",
        "userDefined": false
      }
    ],
    "isTemplate": false,
    "count": 0,
    "updated": 0
  },
  {
    "id": "7cb0462b-7f39-4b8b-ae8d-48eddc2ba834",
    "data": [
      {
        "text": "can wearing a face mask protect me from the new conronavirus?",
        "userDefined": false
      }
    ],
    "isTemplate": false,
    "count": 0,
    "updated": 0
  },
  {
    "id": "9f368bb8-090c-4f7a-8a24-ac11a27beff0",
    "data": [
      {
        "text": "do I need to wear a mask in public?",
        "userDefined": false
      }
    ],
    "isTemplate": false,
    "count": 0,
    "updated": 0
  },
  {
    "id": "160d6b19-e44a-4ddf-bb72-601d8081e491",
    "data": [
      {
        "text": "should I wear a mask to protect myself?",
        "userDefined": false
      }
    ],
    "isTemplate": false,
    "count": 0,
    "updated": 0
  }
]