[
  {
    "id": "62494ba4-d827-481a-99ad-5f4a72cfb393",
    "data": [
      {
        "text": "What is Covid",
        "userDefined": false
      }
    ],
    "isTemplate": false,
    "count": 0,
    "updated": 0
  },
  {
    "id": "75e0b200-52db-4386-a38e-b09e3b5b2cd7",
    "data": [
      {
        "text": "COVID-19",
        "userDefined": false
      }
    ],
    "isTemplate": false,
    "count": 0,
    "updated": 0
  },
  {
    "id": "7f81443b-f077-4eaf-946d-c47a6c2ec72d",
    "data": [
      {
        "text": "What is covid-19?",
        "userDefined": false
      }
    ],
    "isTemplate": false,
    "count": 0,
    "updated": 0
  },
  {
    "id": "bea55c19-c326-4cc4-9a9c-03f3ea79bca0",
    "data": [
      {
        "text": "what is corona",
        "userDefined": false
      }
    ],
    "isTemplate": false,
    "count": 0,
    "updated": 0
  },
  {
    "id": "6d4d00c2-a121-40c3-8864-3370cffab607",
    "data": [
      {
        "text": "what is covid-19 and why should i worry?",
        "userDefined": false
      }
    ],
    "isTemplate": false,
    "count": 1,
    "updated": 0
  },
  {
    "id": "abefcde4-fc7e-46af-b91a-efe0851794c4",
    "data": [
      {
        "text": "what is the difference between corona and covid-19",
        "userDefined": false
      }
    ],
    "isTemplate": false,
    "count": 0,
    "updated": 0
  },
  {
    "id": "49ae5e86-c66c-4e0f-a326-66cfdcf36b02",
    "data": [
      {
        "text": "Okay. Can you define coronavirus for me, please?",
        "userDefined": false
      }
    ],
    "isTemplate": false,
    "count": 0,
    "updated": 0
  },
  {
    "id": "023c3d24-5649-41d9-9a6f-466ff8143f59",
    "data": [
      {
        "text": "virus",
        "userDefined": false
      }
    ],
    "isTemplate": false,
    "count": 0,
    "updated": 0
  },
  {
    "id": "cb73ca4d-3489-4672-828c-aafa3f2d8f01",
    "data": [
      {
        "text": "Is corona related to the flu",
        "userDefined": false
      }
    ],
    "isTemplate": false,
    "count": 0,
    "updated": 0
  },
  {
    "id": "b40a38dd-a7a9-4c57-8bb1-d310aae959fe",
    "data": [
      {
        "text": "can you get pneumonia from corona",
        "userDefined": false
      }
    ],
    "isTemplate": false,
    "count": 0,
    "updated": 0
  },
  {
    "id": "f0640871-6358-42a0-bb76-64705de24e6e",
    "data": [
      {
        "text": "What is covid",
        "userDefined": false
      }
    ],
    "isTemplate": false,
    "count": 0,
    "updated": 0
  },
  {
    "id": "1c348282-b98a-4b59-a9a3-5ee847002528",
    "data": [
      {
        "text": "what is ncov?",
        "userDefined": false
      }
    ],
    "isTemplate": false,
    "count": 0,
    "updated": 0
  },
  {
    "id": "6858109a-b07c-4ec6-a93c-f9b82a56b9b5",
    "data": [
      {
        "text": "what is ncov19?",
        "userDefined": false
      }
    ],
    "isTemplate": false,
    "count": 0,
    "updated": 0
  },
  {
    "id": "16ea709e-cbc2-44be-a910-f9f6dcc27c45",
    "data": [
      {
        "text": "what is n-cov?",
        "userDefined": false
      }
    ],
    "isTemplate": false,
    "count": 0,
    "updated": 0
  },
  {
    "id": "26e2fd81-a642-44fe-b441-be8caea3a023",
    "data": [
      {
        "text": "What is covid",
        "userDefined": false
      },
      {
        "text": "19",
        "meta": "@sys.ignore",
        "userDefined": false
      }
    ],
    "isTemplate": false,
    "count": 0,
    "updated": 0
  },
  {
    "id": "08baf694-2af2-4ca0-8156-056852e1f4bc",
    "data": [
      {
        "text": "Where is covid",
        "userDefined": false
      }
    ],
    "isTemplate": false,
    "count": 0,
    "updated": 0
  },
  {
    "id": "8377d3f1-70d7-4e1a-b5a0-322fbce90bd3",
    "data": [
      {
        "text": "Corona virus",
        "userDefined": false
      }
    ],
    "isTemplate": false,
    "count": 0,
    "updated": 0
  },
  {
    "id": "c224a7a0-bf4e-4e53-b359-57ba483ec065",
    "data": [
      {
        "text": "What is COVID-19?",
        "userDefined": false
      }
    ],
    "isTemplate": false,
    "count": 0,
    "updated": 0
  },
  {
    "id": "92d6d8a9-94e4-4583-b543-2d4b9ad5d0ba",
    "data": [
      {
        "text": "what is the virus",
        "userDefined": false
      }
    ],
    "isTemplate": false,
    "count": 0,
    "updated": 0
  },
  {
    "id": "b598e790-4b1f-49db-af99-447194a2a7dd",
    "data": [
      {
        "text": "what can you tell me about viruses",
        "userDefined": false
      }
    ],
    "isTemplate": false,
    "count": 0,
    "updated": 0
  },
  {
    "id": "bbc1ef40-42a0-4533-9edd-cf03bd13d075",
    "data": [
      {
        "text": "What is the virus?",
        "userDefined": false
      }
    ],
    "isTemplate": false,
    "count": 1,
    "updated": 0
  },
  {
    "id": "b67f4a88-63e5-4c04-b029-d40c0d9317d9",
    "data": [
      {
        "text": "what can you tell me about covid-19",
        "userDefined": false
      }
    ],
    "isTemplate": false,
    "count": 0,
    "updated": 0
  },
  {
    "id": "5b1fb314-823e-4583-9432-670bd0053daa",
    "data": [
      {
        "text": "What is Coronavirus?",
        "userDefined": false
      }
    ],
    "isTemplate": false,
    "count": 0,
    "updated": 0
  },
  {
    "id": "4eb59482-2b00-4934-9e55-6cd5f574a5f9",
    "data": [
      {
        "text": "what is this new ",
        "userDefined": false
      },
      {
        "text": "coronavirus",
        "meta": "@sys.ignore",
        "userDefined": true
      },
      {
        "text": " disease?",
        "userDefined": false
      }
    ],
    "isTemplate": false,
    "count": 0,
    "updated": 0
  },
  {
    "id": "d2d7f4f0-73f7-46cd-871d-14672091664e",
    "data": [
      {
        "text": "show me something about ",
        "userDefined": false
      },
      {
        "text": "coronavirus",
        "meta": "@sys.ignore",
        "userDefined": true
      }
    ],
    "isTemplate": false,
    "count": 0,
    "updated": 0
  },
  {
    "id": "c8943701-e690-48fa-863d-fae2ff1bf306",
    "data": [
      {
        "text": "explain ",
        "userDefined": false
      },
      {
        "text": "coronavirus",
        "meta": "@sys.ignore",
        "userDefined": true
      },
      {
        "text": " to me",
        "userDefined": false
      }
    ],
    "isTemplate": false,
    "count": 0,
    "updated": 0
  },
  {
    "id": "faa5c907-917c-4519-a1f2-00ff980a0031",
    "data": [
      {
        "text": "what is the ",
        "userDefined": false
      },
      {
        "text": "novel virus",
        "meta": "@sys.ignore",
        "userDefined": true
      },
      {
        "text": " going around called?",
        "userDefined": false
      }
    ],
    "isTemplate": false,
    "count": 0,
    "updated": 0
  },
  {
    "id": "1be2d077-ce80-4ddb-bcba-9c56bdc90e65",
    "data": [
      {
        "text": "how did the coronavirus ",
        "userDefined": false
      },
      {
        "text": "first",
        "meta": "@sys.ignore",
        "userDefined": false
      },
      {
        "text": " start?",
        "userDefined": false
      }
    ],
    "isTemplate": false,
    "count": 0,
    "updated": 0
  },
  {
    "id": "e12ffbfc-9592-45e1-8fa2-fd5bfae0f322",
    "data": [
      {
        "text": "what is coronavirus and how did it start?",
        "userDefined": false
      }
    ],
    "isTemplate": false,
    "count": 0,
    "updated": 0
  },
  {
    "id": "e299fc79-ca82-4ecc-ab8e-c373056f61ea",
    "data": [
      {
        "text": "what to know about the mysterious coronavirus",
        "userDefined": false
      }
    ],
    "isTemplate": false,
    "count": 0,
    "updated": 0
  },
  {
    "id": "ea82097e-0769-4374-bfc4-036e53041f51",
    "data": [
      {
        "text": "want to know about covid 19",
        "userDefined": false
      }
    ],
    "isTemplate": false,
    "count": 0,
    "updated": 0
  },
  {
    "id": "31384813-7d90-4605-b8ae-6df4cb6453bd",
    "data": [
      {
        "text": "what is the new virus called?",
        "userDefined": false
      }
    ],
    "isTemplate": false,
    "count": 0,
    "updated": 0
  },
  {
    "id": "72036153-7fa9-46a9-bc7d-34c2425a00dc",
    "data": [
      {
        "text": "what is a novel coronavirus?",
        "userDefined": false
      }
    ],
    "isTemplate": false,
    "count": 0,
    "updated": 0
  },
  {
    "id": "2cf89eb2-4a25-4392-a6e8-b9bda6f8b3aa",
    "data": [
      {
        "text": "coronavirus basic info",
        "userDefined": false
      }
    ],
    "isTemplate": false,
    "count": 0,
    "updated": 0
  },
  {
    "id": "7c59dd92-e357-4bb0-81c0-0775feb973d4",
    "data": [
      {
        "text": "what is COVID-19?",
        "userDefined": false
      }
    ],
    "isTemplate": false,
    "count": 0,
    "updated": 0
  },
  {
    "id": "27b62f96-5272-4b40-a855-064a1546364a",
    "data": [
      {
        "text": "I want to know about coronavirus",
        "userDefined": false
      }
    ],
    "isTemplate": false,
    "count": 0,
    "updated": 0
  },
  {
    "id": "a5beeb6b-1c57-484e-80a7-c1927353aec1",
    "data": [
      {
        "text": "tell me something about coronavirus",
        "userDefined": false
      }
    ],
    "isTemplate": false,
    "count": 0,
    "updated": 0
  },
  {
    "id": "ab7fa03f-91d0-475f-b3eb-d0d90d48625d",
    "data": [
      {
        "text": "define coronavirus",
        "userDefined": false
      }
    ],
    "isTemplate": false,
    "count": 0,
    "updated": 0
  },
  {
    "id": "04cdca64-2c61-48ff-9749-670b330569fb",
    "data": [
      {
        "text": "what is coronavirus?",
        "userDefined": false
      }
    ],
    "isTemplate": false,
    "count": 0,
    "updated": 0
  }
]