[
  {
    "id": "3fa68d0f-38f5-4292-a223-1eeb7b4b83e3",
    "data": [
      {
        "text": "Can I visit a patient with covid-19",
        "userDefined": false
      }
    ],
    "isTemplate": false,
    "count": 0,
    "updated": 0
  },
  {
    "id": "4548e08e-e230-4dca-bc8e-41fa24039444",
    "data": [
      {
        "text": "Can I visit a patient with coronavirus",
        "userDefined": false
      }
    ],
    "isTemplate": false,
    "count": 0,
    "updated": 0
  },
  {
    "id": "60f56ade-de69-48fd-93b1-b13bf45a9a1b",
    "data": [
      {
        "text": "The rules of social distancing",
        "userDefined": false
      }
    ],
    "isTemplate": false,
    "count": 0,
    "updated": 0
  },
  {
    "id": "f97a0f59-3e26-489a-8661-05fa55f24bd8",
    "data": [
      {
        "text": "Can I still see my friends",
        "userDefined": false
      }
    ],
    "isTemplate": false,
    "count": 0,
    "updated": 0
  },
  {
    "id": "f99da5a7-db3a-4d62-a4c1-777849570694",
    "data": [
      {
        "text": "Why is social distancing so important?",
        "userDefined": false
      }
    ],
    "isTemplate": false,
    "count": 0,
    "updated": 0
  },
  {
    "id": "f424cabb-f30a-438b-93bc-7efe2119d8c3",
    "data": [
      {
        "text": "What is social distancing?",
        "userDefined": false
      }
    ],
    "isTemplate": false,
    "count": 1,
    "updated": 0
  },
  {
    "id": "35684b39-3fa7-4a27-abe6-15e2c640f35d",
    "data": [
      {
        "text": "how far should I distance from another person",
        "userDefined": false
      }
    ],
    "isTemplate": false,
    "count": 0,
    "updated": 0
  },
  {
    "id": "9ebef41b-288b-43e8-ba7d-a6016208bd6a",
    "data": [
      {
        "text": "why is it so important with social distancing",
        "userDefined": false
      }
    ],
    "isTemplate": false,
    "count": 1,
    "updated": 0
  },
  {
    "id": "2ead0078-9ba9-42e4-8100-dc866c235675",
    "data": [
      {
        "text": "how far apart",
        "userDefined": false
      }
    ],
    "isTemplate": false,
    "count": 0,
    "updated": 0
  },
  {
    "id": "c135031b-af01-48df-8a8e-d294cbc8541a",
    "data": [
      {
        "text": "what is social distancing",
        "userDefined": false
      }
    ],
    "isTemplate": false,
    "count": 1,
    "updated": 0
  },
  {
    "id": "83e44558-bb1e-4c81-8c59-77639caaa62d",
    "data": [
      {
        "text": "social distancing",
        "userDefined": false
      }
    ],
    "isTemplate": false,
    "count": 0,
    "updated": 0
  },
  {
    "id": "b4e0f01c-d198-4a93-ae95-403d46afb83a",
    "data": [
      {
        "text": "what does social distancing mean",
        "userDefined": false
      }
    ],
    "isTemplate": false,
    "count": 1,
    "updated": 0
  },
  {
    "id": "8dffcc96-c3b0-4dcd-ae2b-7d393038364e",
    "data": [
      {
        "text": "what is social distancing?",
        "userDefined": false
      }
    ],
    "isTemplate": false,
    "count": 0,
    "updated": 0
  }
]