[
  {
    "id": "56adbc24-3135-4b2c-9616-6199c3fa9cda",
    "data": [
      {
        "text": "how many people have died so far?",
        "userDefined": false
      }
    ],
    "isTemplate": false,
    "count": 0,
    "updated": 0
  },
  {
    "id": "1c2eeee6-6cc7-44dd-a520-403f8101d3a2",
    "data": [
      {
        "text": "what is the mortality rate so far ?",
        "userDefined": false
      }
    ],
    "isTemplate": false,
    "count": 0,
    "updated": 0
  },
  {
    "id": "10be5db5-087b-4e5d-bd9c-3a7ee356739f",
    "data": [
      {
        "text": "people died in  ",
        "userDefined": false
      },
      {
        "text": "us",
        "alias": "geo-country",
        "meta": "@sys.geo-country",
        "userDefined": false
      }
    ],
    "isTemplate": false,
    "count": 0,
    "updated": 0
  },
  {
    "id": "9939b881-b7ee-41b2-81f7-2abb9e899c9c",
    "data": [
      {
        "text": "How many deaths have been reported in ",
        "userDefined": false
      },
      {
        "text": "New Zealand",
        "alias": "geo-country",
        "meta": "@sys.geo-country",
        "userDefined": false
      },
      {
        "text": "?",
        "userDefined": false
      }
    ],
    "isTemplate": false,
    "count": 0,
    "updated": 0
  },
  {
    "id": "59e0243c-16c6-4efc-bbd3-c001a65d8acf",
    "data": [
      {
        "text": "deaths in ",
        "userDefined": false
      },
      {
        "text": "india",
        "alias": "geo-country",
        "meta": "@sys.geo-country",
        "userDefined": false
      }
    ],
    "isTemplate": false,
    "count": 0,
    "updated": 0
  },
  {
    "id": "fd06ee73-eb35-49df-9eaa-3de8d02bf127",
    "data": [
      {
        "text": "what is the mortality rrate in ages 30-40",
        "userDefined": false
      }
    ],
    "isTemplate": false,
    "count": 0,
    "updated": 0
  },
  {
    "id": "0f8a3173-14c5-41bc-a1a7-bc417835b5b6",
    "data": [
      {
        "text": "How many deaths have been reported in ",
        "userDefined": false
      },
      {
        "text": "korea",
        "alias": "geo-country",
        "meta": "@sys.geo-country",
        "userDefined": false
      }
    ],
    "isTemplate": false,
    "count": 0,
    "updated": 0
  },
  {
    "id": "5e67484f-84a7-4475-8b99-019661b6ec82",
    "data": [
      {
        "text": "How many people have died in ",
        "userDefined": false
      },
      {
        "text": "Jordan",
        "alias": "geo-country",
        "meta": "@sys.geo-country",
        "userDefined": true
      },
      {
        "text": "?",
        "userDefined": false
      }
    ],
    "isTemplate": false,
    "count": 0,
    "updated": 0
  },
  {
    "id": "5bdd2b41-ac97-45c9-90ad-4bb8e38a374e",
    "data": [
      {
        "text": "What\u0027s the number of deaf?",
        "userDefined": false
      }
    ],
    "isTemplate": false,
    "count": 0,
    "updated": 0
  },
  {
    "id": "43dca375-1d0e-43e5-8476-866289d664b1",
    "data": [
      {
        "text": "total death",
        "userDefined": false
      }
    ],
    "isTemplate": false,
    "count": 0,
    "updated": 0
  },
  {
    "id": "eddc58e1-3970-41b5-8c7d-5cc114ae4189",
    "data": [
      {
        "text": "total death in ",
        "userDefined": false
      },
      {
        "text": "US",
        "alias": "geo-country",
        "meta": "@sys.geo-country",
        "userDefined": false
      }
    ],
    "isTemplate": false,
    "count": 0,
    "updated": 0
  },
  {
    "id": "f7e780fa-829a-4e49-87eb-79c508496a7e",
    "data": [
      {
        "text": "How many deaths have been reported in ",
        "userDefined": false
      },
      {
        "text": "France",
        "alias": "geo-country",
        "meta": "@sys.geo-country",
        "userDefined": false
      },
      {
        "text": "?",
        "userDefined": false
      }
    ],
    "isTemplate": false,
    "count": 0,
    "updated": 0
  },
  {
    "id": "35f86544-580c-471e-aa0e-a584f04187f9",
    "data": [
      {
        "text": "How many deaths have been reported in the ",
        "userDefined": false
      },
      {
        "text": "US",
        "alias": "geo-country",
        "meta": "@sys.geo-country",
        "userDefined": false
      },
      {
        "text": "?",
        "userDefined": false
      }
    ],
    "isTemplate": false,
    "count": 0,
    "updated": 0
  },
  {
    "id": "7c647cea-8e23-4227-96be-c7152ca53364",
    "data": [
      {
        "text": "How many ",
        "userDefined": false
      },
      {
        "text": "Corona",
        "alias": "covid-19",
        "meta": "@covid-19",
        "userDefined": false
      },
      {
        "text": " work deaths have happened in the ",
        "userDefined": false
      },
      {
        "text": "United Kingdom",
        "alias": "geo-country",
        "meta": "@sys.geo-country",
        "userDefined": false
      },
      {
        "text": "?",
        "userDefined": false
      }
    ],
    "isTemplate": false,
    "count": 0,
    "updated": 0
  },
  {
    "id": "844c9682-3559-434c-af8a-9386454d4043",
    "data": [
      {
        "text": "Did anyone die come Coronavirus?",
        "userDefined": false
      }
    ],
    "isTemplate": false,
    "count": 0,
    "updated": 0
  },
  {
    "id": "c921f419-ed97-4744-9ee2-467c409f85c4",
    "data": [
      {
        "text": "How many people died from Corona virus?",
        "userDefined": false
      }
    ],
    "isTemplate": false,
    "count": 1,
    "updated": 0
  },
  {
    "id": "c94d40d6-e4b6-48b9-92de-154bd8acde73",
    "data": [
      {
        "text": "how many died in the ",
        "userDefined": false
      },
      {
        "text": "uk",
        "alias": "geo-country",
        "meta": "@sys.geo-country",
        "userDefined": false
      },
      {
        "text": "?",
        "userDefined": false
      }
    ],
    "isTemplate": false,
    "count": 0,
    "updated": 0
  },
  {
    "id": "6625064a-cf65-451f-84c4-4051a9699247",
    "data": [
      {
        "text": "died in usa",
        "userDefined": false
      }
    ],
    "isTemplate": false,
    "count": 0,
    "updated": 0
  },
  {
    "id": "80e4f3c9-8314-440a-8aeb-04148c92dd21",
    "data": [
      {
        "text": "how many deaths so far in the ",
        "userDefined": false
      },
      {
        "text": "US",
        "alias": "geo-country",
        "meta": "@sys.geo-country",
        "userDefined": false
      }
    ],
    "isTemplate": false,
    "count": 0,
    "updated": 0
  },
  {
    "id": "94c0f9c9-8833-43af-813e-02d855973fa9",
    "data": [
      {
        "text": "How many people have died?",
        "userDefined": false
      }
    ],
    "isTemplate": false,
    "count": 1,
    "updated": 0
  },
  {
    "id": "4db2670a-0888-444f-ba03-559b020686eb",
    "data": [
      {
        "text": "what is the current mortality rate",
        "userDefined": false
      }
    ],
    "isTemplate": false,
    "count": 0,
    "updated": 0
  },
  {
    "id": "aba42e5b-116b-4864-bef6-f9c59ed0043e",
    "data": [
      {
        "text": "how many deaths have there been in the ",
        "userDefined": false
      },
      {
        "text": "us",
        "alias": "geo-country",
        "meta": "@sys.geo-country",
        "userDefined": false
      }
    ],
    "isTemplate": false,
    "count": 0,
    "updated": 0
  },
  {
    "id": "463d0d61-d3f2-4860-a7ba-8c47383f120c",
    "data": [
      {
        "text": "How many deaths have there been from COVID-19 in the ",
        "userDefined": false
      },
      {
        "text": "United States",
        "alias": "geo-country",
        "meta": "@sys.geo-country",
        "userDefined": false
      },
      {
        "text": "?",
        "userDefined": false
      }
    ],
    "isTemplate": false,
    "count": 0,
    "updated": 0
  },
  {
    "id": "56c84c3a-5abb-4fc2-8d49-6d05dba7597e",
    "data": [
      {
        "text": "how many people die every day",
        "userDefined": false
      }
    ],
    "isTemplate": false,
    "count": 0,
    "updated": 0
  },
  {
    "id": "8d36f5ae-67c6-49a7-8b0f-18895b3c0e88",
    "data": [
      {
        "text": "how many people have died",
        "userDefined": false
      }
    ],
    "isTemplate": false,
    "count": 0,
    "updated": 0
  },
  {
    "id": "8e3c424d-5bf1-41e2-970f-2fc581685f92",
    "data": [
      {
        "text": "What is the mortality rate for covid",
        "userDefined": false
      }
    ],
    "isTemplate": false,
    "count": 0,
    "updated": 0
  },
  {
    "id": "0da62c3e-1897-4299-89f8-2a905774a1ab",
    "data": [
      {
        "text": "How many people have died covid?",
        "userDefined": false
      }
    ],
    "isTemplate": false,
    "count": 0,
    "updated": 0
  },
  {
    "id": "d54db350-e0f1-419a-b1c7-95f83a6b90df",
    "data": [
      {
        "text": "How many people have died in San Bernardino County?",
        "userDefined": false
      }
    ],
    "isTemplate": false,
    "count": 0,
    "updated": 0
  },
  {
    "id": "bc938289-4095-452a-8fef-acdef7508fc5",
    "data": [
      {
        "text": "the total number of deaths",
        "userDefined": false
      }
    ],
    "isTemplate": false,
    "count": 0,
    "updated": 0
  },
  {
    "id": "9e34772d-c8cd-4ff0-80c4-69dbdf9d5efa",
    "data": [
      {
        "text": "what is the death toll",
        "userDefined": false
      }
    ],
    "isTemplate": false,
    "count": 0,
    "updated": 0
  },
  {
    "id": "dfc3775e-9db1-4aba-bc47-5c8277732547",
    "data": [
      {
        "text": "How many deaths have resulted from covid-19?",
        "userDefined": false
      }
    ],
    "isTemplate": false,
    "count": 0,
    "updated": 0
  },
  {
    "id": "2dc3fd48-60f7-4715-9ad8-fef34063c8c8",
    "data": [
      {
        "text": "How many people globally have died from the ",
        "userDefined": false
      },
      {
        "text": "coronavirus",
        "alias": "covid-19",
        "meta": "@covid-19",
        "userDefined": false
      },
      {
        "text": "?",
        "userDefined": false
      }
    ],
    "isTemplate": false,
    "count": 1,
    "updated": 0
  },
  {
    "id": "f0f11c52-4b2f-4381-b708-01488176d1ef",
    "data": [
      {
        "text": "what\u0027s the fatality rate?",
        "userDefined": false
      }
    ],
    "isTemplate": false,
    "count": 0,
    "updated": 0
  },
  {
    "id": "69bf6b2d-a256-42e1-b186-edc60c334cbc",
    "data": [
      {
        "text": "can you tell me death rate by age?",
        "userDefined": false
      }
    ],
    "isTemplate": false,
    "count": 0,
    "updated": 0
  },
  {
    "id": "334c446c-c25d-4dfa-8688-88217972e761",
    "data": [
      {
        "text": "was is the mortality rate?",
        "userDefined": false
      }
    ],
    "isTemplate": false,
    "count": 0,
    "updated": 0
  },
  {
    "id": "43fa1bd2-73e3-41f6-8d02-cc8bdacc4e7e",
    "data": [
      {
        "text": "Death rate in king county today",
        "userDefined": false
      }
    ],
    "isTemplate": false,
    "count": 0,
    "updated": 0
  },
  {
    "id": "076559de-e1c2-4d98-94d3-2a6d5fddc06b",
    "data": [
      {
        "text": "Death count",
        "userDefined": false
      }
    ],
    "isTemplate": false,
    "count": 0,
    "updated": 0
  },
  {
    "id": "4e16cdad-1f95-483b-933f-09004429eb98",
    "data": [
      {
        "text": "fatality rate",
        "userDefined": false
      }
    ],
    "isTemplate": false,
    "count": 0,
    "updated": 0
  },
  {
    "id": "5e40a1f0-3ca4-43dd-acf6-4fd64d1ac183",
    "data": [
      {
        "text": "what is the current death count?",
        "userDefined": false
      }
    ],
    "isTemplate": false,
    "count": 0,
    "updated": 0
  },
  {
    "id": "dc655c36-e90e-481c-9558-5c4769375355",
    "data": [
      {
        "text": "US",
        "alias": "geo-country",
        "meta": "@sys.geo-country",
        "userDefined": true
      },
      {
        "text": " ",
        "userDefined": false
      },
      {
        "text": "coronavirus",
        "alias": "covid-19",
        "meta": "@covid-19",
        "userDefined": false
      },
      {
        "text": " death toll",
        "userDefined": false
      }
    ],
    "isTemplate": false,
    "count": 0,
    "updated": 0
  },
  {
    "id": "09b91cd9-4d79-4e98-b732-967a11de815e",
    "data": [
      {
        "text": "coronavirus",
        "alias": "covid-19",
        "meta": "@covid-19",
        "userDefined": false
      },
      {
        "text": " death toll",
        "userDefined": false
      }
    ],
    "isTemplate": false,
    "count": 0,
    "updated": 0
  },
  {
    "id": "b1636fc9-9884-4b72-969b-5c4fb3a165bf",
    "data": [
      {
        "text": "how many people died",
        "userDefined": false
      }
    ],
    "isTemplate": false,
    "count": 0,
    "updated": 0
  },
  {
    "id": "82577e0e-d90c-4a19-8e2a-0020714c6c56",
    "data": [
      {
        "text": "deaths number",
        "userDefined": false
      }
    ],
    "isTemplate": false,
    "count": 0,
    "updated": 0
  },
  {
    "id": "c347ca77-7cd0-4b11-b0e3-6f34b751939d",
    "data": [
      {
        "text": "how many deaths",
        "userDefined": false
      }
    ],
    "isTemplate": false,
    "count": 0,
    "updated": 0
  },
  {
    "id": "ee7cd11b-0ba1-4ef4-8ea3-75e5558b6a32",
    "data": [
      {
        "text": "death rate",
        "userDefined": false
      }
    ],
    "isTemplate": false,
    "count": 0,
    "updated": 0
  },
  {
    "id": "48252c27-3f7f-4b70-98a2-8806a77a657a",
    "data": [
      {
        "text": "What is the death rate of ",
        "userDefined": false
      },
      {
        "text": "coronavirus",
        "alias": "covid-19",
        "meta": "@covid-19",
        "userDefined": false
      },
      {
        "text": "?",
        "userDefined": false
      }
    ],
    "isTemplate": false,
    "count": 0,
    "updated": 0
  },
  {
    "id": "d57cdf48-56e2-41a9-a008-c1c3306f41e1",
    "data": [
      {
        "text": "How many people have died from ",
        "userDefined": false
      },
      {
        "text": "coronavirus",
        "alias": "covid-19",
        "meta": "@covid-19",
        "userDefined": false
      },
      {
        "text": "?",
        "userDefined": false
      }
    ],
    "isTemplate": false,
    "count": 0,
    "updated": 0
  }
]