[
  {
    "id": "71b617cc-d0ca-4555-8e10-a41c2da7a12b",
    "data": [
      {
        "text": "Is covid-19 spread by spit?",
        "userDefined": false
      }
    ],
    "isTemplate": false,
    "count": 0,
    "updated": 0
  },
  {
    "id": "514b71ff-c483-4689-b7a3-40c7e11cc59f",
    "data": [
      {
        "text": "how do I get it",
        "userDefined": false
      }
    ],
    "isTemplate": false,
    "count": 1,
    "updated": 0
  },
  {
    "id": "428052bb-69e3-413e-b35e-57491b15b96d",
    "data": [
      {
        "text": "how contagious is the corona",
        "userDefined": false
      }
    ],
    "isTemplate": false,
    "count": 1,
    "updated": 0
  },
  {
    "id": "3107dd2d-2171-4fc5-a680-9af5408e810b",
    "data": [
      {
        "text": "can I get it by kissing someone",
        "userDefined": false
      }
    ],
    "isTemplate": false,
    "count": 1,
    "updated": 0
  },
  {
    "id": "35d33bc1-d82b-4509-a10f-cca07e794932",
    "data": [
      {
        "text": "can I get it if I am in the same room",
        "userDefined": false
      }
    ],
    "isTemplate": false,
    "count": 1,
    "updated": 0
  },
  {
    "id": "f3cce59c-ce24-4018-9039-ed6597e0720d",
    "data": [
      {
        "text": "Can I pass it on to my child if I have it",
        "userDefined": false
      }
    ],
    "isTemplate": false,
    "count": 1,
    "updated": 0
  },
  {
    "id": "518437ee-8119-42c3-8280-391b5bed82a5",
    "data": [
      {
        "text": "how contagious is it?",
        "userDefined": false
      }
    ],
    "isTemplate": false,
    "count": 0,
    "updated": 0
  },
  {
    "id": "6d75e93a-c31f-4511-b014-69c9dcf41192",
    "data": [
      {
        "text": "does it spread easily?",
        "userDefined": false
      }
    ],
    "isTemplate": false,
    "count": 0,
    "updated": 0
  },
  {
    "id": "7042349f-a248-4b63-b768-ae43ef847038",
    "data": [
      {
        "text": "does one simply walk into the ",
        "userDefined": false
      },
      {
        "text": "coronavirus",
        "alias": "covid-19",
        "meta": "@covid-19",
        "userDefined": false
      },
      {
        "text": "?",
        "userDefined": false
      }
    ],
    "isTemplate": false,
    "count": 0,
    "updated": 0
  },
  {
    "id": "dd22f1fe-930e-463b-9ea1-d3b6803ed1f2",
    "data": [
      {
        "text": "how contagious is it",
        "userDefined": false
      }
    ],
    "isTemplate": false,
    "count": 0,
    "updated": 0
  },
  {
    "id": "83727b55-fb8d-4e05-8383-433cb412a704",
    "data": [
      {
        "text": "Can I get the virus bringing in my trash barrel?",
        "userDefined": false
      }
    ],
    "isTemplate": false,
    "count": 0,
    "updated": 0
  },
  {
    "id": "3a4063a7-60c6-4356-a6c0-599bfc589b62",
    "data": [
      {
        "text": "how do you get COVID-19?",
        "userDefined": false
      }
    ],
    "isTemplate": false,
    "count": 0,
    "updated": 0
  },
  {
    "id": "6219f648-35ab-4f7c-adec-f2ddd54afc0b",
    "data": [
      {
        "text": "can it spread via surfaces",
        "userDefined": false
      }
    ],
    "isTemplate": false,
    "count": 0,
    "updated": 0
  },
  {
    "id": "eecb9028-b93f-4294-be4f-a3717651ac73",
    "data": [
      {
        "text": "can it get spread via food",
        "userDefined": false
      }
    ],
    "isTemplate": false,
    "count": 0,
    "updated": 0
  },
  {
    "id": "c20bb167-7d14-470a-af23-09c38c0411d4",
    "data": [
      {
        "text": "can the virus be spread via toilets",
        "userDefined": false
      }
    ],
    "isTemplate": false,
    "count": 0,
    "updated": 0
  },
  {
    "id": "760bcbfc-ff6b-44dc-bdc7-1a0b03c4e812",
    "data": [
      {
        "text": "How do I get COVID-19?",
        "userDefined": false
      }
    ],
    "isTemplate": false,
    "count": 0,
    "updated": 0
  },
  {
    "id": "53d6c407-c061-47ec-8963-09bcc94ed9b8",
    "data": [
      {
        "text": "How do I get covid?",
        "userDefined": false
      }
    ],
    "isTemplate": false,
    "count": 0,
    "updated": 0
  },
  {
    "id": "1655e580-e846-4c15-a66c-860ade10bd2d",
    "data": [
      {
        "text": "how do I get ",
        "userDefined": false
      },
      {
        "text": "corona",
        "alias": "covid-19",
        "meta": "@covid-19",
        "userDefined": false
      }
    ],
    "isTemplate": false,
    "count": 0,
    "updated": 0
  },
  {
    "id": "1642d4f4-ec5c-42c2-ad74-b1b8de56c81b",
    "data": [
      {
        "text": "Is it contagious?",
        "userDefined": false
      }
    ],
    "isTemplate": false,
    "count": 0,
    "updated": 0
  },
  {
    "id": "f1bd470f-904f-4064-86c7-91d0815ca7cb",
    "data": [
      {
        "text": "Is COVID-",
        "userDefined": false
      },
      {
        "text": "19",
        "alias": "number",
        "meta": "@sys.number",
        "userDefined": false
      },
      {
        "text": " contagious?",
        "userDefined": false
      }
    ],
    "isTemplate": false,
    "count": 0,
    "updated": 0
  },
  {
    "id": "7ecc830f-ce54-4ec7-b5e3-d9292bf682e2",
    "data": [
      {
        "text": "how do i catch",
        "userDefined": false
      }
    ],
    "isTemplate": false,
    "count": 0,
    "updated": 0
  },
  {
    "id": "e6754704-d6dc-4c90-b012-f70379e2ff5e",
    "data": [
      {
        "text": "how do i catch covid-19",
        "userDefined": false
      }
    ],
    "isTemplate": false,
    "count": 0,
    "updated": 0
  },
  {
    "id": "3fead138-2033-47e3-857d-b0f1688b672d",
    "data": [
      {
        "text": "What are all the different ways that the virus can be spread to other people?",
        "userDefined": false
      }
    ],
    "isTemplate": false,
    "count": 0,
    "updated": 0
  },
  {
    "id": "760589bc-c0bd-42ce-ac48-9cd518ea046f",
    "data": [
      {
        "text": "How does the virus spread?",
        "userDefined": false
      }
    ],
    "isTemplate": false,
    "count": 0,
    "updated": 0
  },
  {
    "id": "9232e4ba-863c-426e-87cf-d79ac655f856",
    "data": [
      {
        "text": "How is COVID-19 transmitted?",
        "userDefined": false
      }
    ],
    "isTemplate": false,
    "count": 0,
    "updated": 0
  },
  {
    "id": "b59f82e7-b974-4746-97a3-ebd5e85aee7f",
    "data": [
      {
        "text": "how is it transmitted?",
        "userDefined": false
      }
    ],
    "isTemplate": false,
    "count": 0,
    "updated": 0
  },
  {
    "id": "ef825a76-46e3-4085-bdec-2dcf974eb9d5",
    "data": [
      {
        "text": "how is the virus transferred?",
        "userDefined": false
      }
    ],
    "isTemplate": false,
    "count": 0,
    "updated": 0
  },
  {
    "id": "7195d610-c676-49fe-a7ed-4339ac04e145",
    "data": [
      {
        "text": "how do you get the virus?",
        "userDefined": false
      }
    ],
    "isTemplate": false,
    "count": 0,
    "updated": 0
  },
  {
    "id": "babc5191-8977-4b80-9161-2232f4334093",
    "data": [
      {
        "text": "How do I catch covid-19?",
        "userDefined": false
      }
    ],
    "isTemplate": false,
    "count": 0,
    "updated": 0
  },
  {
    "id": "1d62c761-02b3-4874-9c20-12cd0002f2d6",
    "data": [
      {
        "text": "how does the virus spread?",
        "userDefined": false
      }
    ],
    "isTemplate": false,
    "count": 1,
    "updated": 0
  },
  {
    "id": "7d786430-8447-45d9-9bc6-80330a125b60",
    "data": [
      {
        "text": "is it transmittable before symptoms?",
        "userDefined": false
      }
    ],
    "isTemplate": false,
    "count": 0,
    "updated": 0
  },
  {
    "id": "455b28ab-8ec0-4bb0-8842-948b1c1fb06e",
    "data": [
      {
        "text": "can someone infect before showing symptoms?",
        "userDefined": false
      }
    ],
    "isTemplate": false,
    "count": 0,
    "updated": 0
  },
  {
    "id": "ef0f5078-c648-4535-b590-15f3fe58a27c",
    "data": [
      {
        "text": "is it contagious before showing symptoms?",
        "userDefined": false
      }
    ],
    "isTemplate": false,
    "count": 0,
    "updated": 0
  },
  {
    "id": "13694133-193f-4d90-87ed-39f6a3141b09",
    "data": [
      {
        "text": "can the virus be spread through food?",
        "userDefined": false
      }
    ],
    "isTemplate": false,
    "count": 0,
    "updated": 0
  },
  {
    "id": "4e897e60-b9ca-4723-b169-6fe023d619ec",
    "data": [
      {
        "text": "How do people get the virus?",
        "userDefined": false
      }
    ],
    "isTemplate": false,
    "count": 1,
    "updated": 0
  },
  {
    "id": "bcc59f9c-c9a2-440a-9d82-250b68408e59",
    "data": [
      {
        "text": "How can I catch this?",
        "userDefined": false
      }
    ],
    "isTemplate": false,
    "count": 0,
    "updated": 0
  },
  {
    "id": "131ab210-30c6-49f8-947c-6ff81e0e6f0d",
    "data": [
      {
        "text": "how do people get the virus?",
        "userDefined": false
      }
    ],
    "isTemplate": false,
    "count": 1,
    "updated": 0
  },
  {
    "id": "af217fc8-49de-47ff-b8a1-d622cb80bb61",
    "data": [
      {
        "text": "how does it spread",
        "userDefined": false
      }
    ],
    "isTemplate": false,
    "count": 0,
    "updated": 0
  },
  {
    "id": "a2b59a3d-6815-4498-ac72-de490bfa9d65",
    "data": [
      {
        "text": "how can i contract it?",
        "userDefined": false
      }
    ],
    "isTemplate": false,
    "count": 0,
    "updated": 0
  },
  {
    "id": "3c914e0b-a39f-4174-845e-7ca1a8c3e76c",
    "data": [
      {
        "text": "How is the virus transmitted?",
        "userDefined": false
      }
    ],
    "isTemplate": false,
    "count": 1,
    "updated": 0
  },
  {
    "id": "95cae331-a26a-4dc5-b738-e4c036f0a3b8",
    "data": [
      {
        "text": "how does the virus transmit?",
        "userDefined": false
      }
    ],
    "isTemplate": false,
    "count": 0,
    "updated": 0
  },
  {
    "id": "2869e317-95d5-47d0-9e9d-4f4fe2e5c3c0",
    "data": [
      {
        "text": "what do we know about the virus spread?",
        "userDefined": false
      }
    ],
    "isTemplate": false,
    "count": 0,
    "updated": 0
  },
  {
    "id": "936a8d68-1597-455d-829b-0a13346f63b2",
    "data": [
      {
        "text": "the spread of ",
        "userDefined": false
      },
      {
        "text": "coronavirus",
        "alias": "covid-19",
        "meta": "@covid-19",
        "userDefined": false
      }
    ],
    "isTemplate": false,
    "count": 0,
    "updated": 0
  },
  {
    "id": "0c457c32-5f63-4490-81fa-846419618061",
    "data": [
      {
        "text": "viral spread",
        "userDefined": false
      }
    ],
    "isTemplate": false,
    "count": 0,
    "updated": 0
  },
  {
    "id": "c33a774e-d86b-480a-83fc-b42947475954",
    "data": [
      {
        "text": "why is covid-19 considered a community spread?",
        "userDefined": false
      }
    ],
    "isTemplate": false,
    "count": 0,
    "updated": 0
  },
  {
    "id": "8ad76258-e670-4d90-969d-b7e5a2f8acff",
    "data": [
      {
        "text": "what does community spread mean?",
        "userDefined": false
      }
    ],
    "isTemplate": false,
    "count": 0,
    "updated": 0
  },
  {
    "id": "04d37382-c4df-417b-bb0f-8f4c5b700a04",
    "data": [
      {
        "text": "covid-19 spread",
        "userDefined": false
      }
    ],
    "isTemplate": false,
    "count": 0,
    "updated": 0
  },
  {
    "id": "921ad9b5-57d2-4734-a978-a1f61ad15043",
    "data": [
      {
        "text": "How the new ",
        "userDefined": false
      },
      {
        "text": "coronavirus",
        "alias": "covid-19",
        "meta": "@covid-19",
        "userDefined": false
      },
      {
        "text": " spread?",
        "userDefined": false
      }
    ],
    "isTemplate": false,
    "count": 0,
    "updated": 0
  },
  {
    "id": "48551909-1326-4b90-9ef9-68458cf10269",
    "data": [
      {
        "text": "What is community spread?",
        "userDefined": false
      }
    ],
    "isTemplate": false,
    "count": 0,
    "updated": 0
  },
  {
    "id": "7073f317-f4e0-46d8-8204-0f250b0671cc",
    "data": [
      {
        "text": "How is ",
        "userDefined": false
      },
      {
        "text": "coronavirus",
        "alias": "covid-19",
        "meta": "@covid-19",
        "userDefined": false
      },
      {
        "text": " spread?",
        "userDefined": false
      }
    ],
    "isTemplate": false,
    "count": 0,
    "updated": 0
  }
]