[
  {
    "id": "0b5aec77-1657-4a50-87a1-b92ebf617ac9",
    "data": [
      {
        "text": "Should I buy more food or water",
        "userDefined": false
      }
    ],
    "isTemplate": false,
    "count": 0,
    "updated": 0
  },
  {
    "id": "00dac767-3464-4677-ab38-94efe636d371",
    "data": [
      {
        "text": "How much toilet paper do I need",
        "userDefined": false
      }
    ],
    "isTemplate": false,
    "count": 0,
    "updated": 0
  },
  {
    "id": "d8dfa530-2208-4023-8318-815943740dee",
    "data": [
      {
        "text": "How much toilet paper do I need to survive covid-19",
        "userDefined": false
      }
    ],
    "isTemplate": false,
    "count": 0,
    "updated": 0
  },
  {
    "id": "5ec8c5fe-1aec-4286-a5bb-c0e98081bb89",
    "data": [
      {
        "text": "What do I need to buy?",
        "userDefined": false
      }
    ],
    "isTemplate": false,
    "count": 0,
    "updated": 0
  },
  {
    "id": "4636ab27-a3fd-4d9f-9bfc-0904284b018f",
    "data": [
      {
        "text": "Is there anything in particular I need to stock up on?",
        "userDefined": false
      }
    ],
    "isTemplate": false,
    "count": 0,
    "updated": 0
  },
  {
    "id": "95c0473f-a5e3-4b41-809a-2d7638a0c52f",
    "data": [
      {
        "text": "should i stock up on medicines",
        "userDefined": false
      }
    ],
    "isTemplate": false,
    "count": 0,
    "updated": 0
  },
  {
    "id": "5b1a9ea5-4521-4e17-8bea-3c0bb885c8cb",
    "data": [
      {
        "text": "do I need to stock up on food etc",
        "userDefined": false
      }
    ],
    "isTemplate": false,
    "count": 1,
    "updated": 0
  },
  {
    "id": "f5c61f26-49db-4ef0-9026-cad6c7c7932a",
    "data": [
      {
        "text": "do I need to bulk buy food",
        "userDefined": false
      }
    ],
    "isTemplate": false,
    "count": 1,
    "updated": 0
  },
  {
    "id": "d08a267d-ee3a-433b-a386-ac33f470ef8e",
    "data": [
      {
        "text": "what should I think about having handy at home incase I get it",
        "userDefined": false
      }
    ],
    "isTemplate": false,
    "count": 1,
    "updated": 0
  },
  {
    "id": "0dfdb833-ad8e-46c9-ac38-901caaf326ff",
    "data": [
      {
        "text": "what should i Buy incase I get sick",
        "userDefined": false
      }
    ],
    "isTemplate": false,
    "count": 1,
    "updated": 0
  },
  {
    "id": "94a7b7cc-60d0-4ebe-af6b-7832cdf8510c",
    "data": [
      {
        "text": "do I need to  stock up on food",
        "userDefined": false
      }
    ],
    "isTemplate": false,
    "count": 0,
    "updated": 0
  },
  {
    "id": "5f318a26-4a7b-4014-841b-b89b1404f154",
    "data": [
      {
        "text": "should i stock up on medicins",
        "userDefined": false
      }
    ],
    "isTemplate": false,
    "count": 0,
    "updated": 0
  },
  {
    "id": "6f76167b-8dfa-47a6-8b7f-e87d6fefdb2f",
    "data": [
      {
        "text": "do I need to stock up on food",
        "userDefined": false
      }
    ],
    "isTemplate": false,
    "count": 0,
    "updated": 0
  },
  {
    "id": "a0f79521-b84c-45d6-a2c8-f4326ffbf7a1",
    "data": [
      {
        "text": "what do I need to stock up on",
        "userDefined": false
      }
    ],
    "isTemplate": false,
    "count": 0,
    "updated": 0
  },
  {
    "id": "e64f4a23-48e2-48ea-90fc-bcca323e53a9",
    "data": [
      {
        "text": "what should I think about having handy at home",
        "userDefined": false
      }
    ],
    "isTemplate": false,
    "count": 0,
    "updated": 0
  },
  {
    "id": "47c55169-2051-46ef-a220-32b95354a86f",
    "data": [
      {
        "text": "should I provide myself with extra food at home",
        "userDefined": false
      }
    ],
    "isTemplate": false,
    "count": 0,
    "updated": 0
  },
  {
    "id": "01d26f78-bc2a-42eb-8b92-d62c4cd718af",
    "data": [
      {
        "text": "should I provide myself with having extra medicines at home",
        "userDefined": false
      }
    ],
    "isTemplate": false,
    "count": 0,
    "updated": 0
  },
  {
    "id": "49e431b4-6fe2-4cb8-b2ad-bfcef9f0b62c",
    "data": [
      {
        "text": "Okay, should I stock up?",
        "userDefined": false
      }
    ],
    "isTemplate": false,
    "count": 0,
    "updated": 0
  },
  {
    "id": "7aac3819-08ea-4964-bbbf-8722c01da671",
    "data": [
      {
        "text": "should I stock up if I stay at home?",
        "userDefined": false
      }
    ],
    "isTemplate": false,
    "count": 0,
    "updated": 0
  },
  {
    "id": "817b7a8c-ec76-4ae0-ba71-40aaf0fed6f2",
    "data": [
      {
        "text": "what ",
        "userDefined": false
      },
      {
        "text": "coronavirus",
        "alias": "covid-19",
        "meta": "@covid-19",
        "userDefined": false
      },
      {
        "text": " supplies should I have at home?",
        "userDefined": false
      }
    ],
    "isTemplate": false,
    "count": 0,
    "updated": 0
  },
  {
    "id": "bdd41925-cb5b-4793-8423-992dac3646f9",
    "data": [
      {
        "text": "Food, supplies to buy for ",
        "userDefined": false
      },
      {
        "text": "coronavirus",
        "alias": "covid-19",
        "meta": "@covid-19",
        "userDefined": false
      }
    ],
    "isTemplate": false,
    "count": 0,
    "updated": 0
  },
  {
    "id": "f1203f03-5199-4934-b49c-91b1ea839d1e",
    "data": [
      {
        "text": "what to buy for home quarantine during the ",
        "userDefined": false
      },
      {
        "text": "coronavirus",
        "alias": "covid-19",
        "meta": "@covid-19",
        "userDefined": false
      },
      {
        "text": "?",
        "userDefined": false
      }
    ],
    "isTemplate": false,
    "count": 0,
    "updated": 0
  },
  {
    "id": "828c48e5-6f62-443d-9fc5-4db7d1054882",
    "data": [
      {
        "text": "covid-19 grocery list",
        "userDefined": false
      }
    ],
    "isTemplate": false,
    "count": 0,
    "updated": 0
  },
  {
    "id": "964c9675-efee-43b4-b4d4-05a7cb84702a",
    "data": [
      {
        "text": "what to buy for the ",
        "userDefined": false
      },
      {
        "text": "coronavirus",
        "alias": "covid-19",
        "meta": "@covid-19",
        "userDefined": false
      },
      {
        "text": " outbreak",
        "userDefined": false
      }
    ],
    "isTemplate": false,
    "count": 0,
    "updated": 0
  },
  {
    "id": "e14dee99-7126-49cd-8aca-08aa0d45c19a",
    "data": [
      {
        "text": "essential quarantine items",
        "userDefined": false
      }
    ],
    "isTemplate": false,
    "count": 0,
    "updated": 0
  },
  {
    "id": "07335d45-db94-4740-9c3f-da9a57984352",
    "data": [
      {
        "text": "coronavirus",
        "alias": "covid-19",
        "meta": "@covid-19",
        "userDefined": false
      },
      {
        "text": " shopping list",
        "userDefined": false
      }
    ],
    "isTemplate": false,
    "count": 0,
    "updated": 0
  },
  {
    "id": "11fc3cce-c8a5-4892-961f-430028203b4c",
    "data": [
      {
        "text": "What to stock up on so I\u0027m prepared?",
        "userDefined": false
      }
    ],
    "isTemplate": false,
    "count": 0,
    "updated": 0
  },
  {
    "id": "7cc2daa6-ace4-43c2-8e21-d1aaaabaa8af",
    "data": [
      {
        "text": "items to stock up",
        "userDefined": false
      }
    ],
    "isTemplate": false,
    "count": 0,
    "updated": 0
  },
  {
    "id": "957505ce-f66f-401b-8d35-000d238b351e",
    "data": [
      {
        "text": "What are the things that I need to purchase for my household?",
        "userDefined": false
      }
    ],
    "isTemplate": false,
    "count": 0,
    "updated": 0
  },
  {
    "id": "f5541359-6508-4485-a7a3-6e6e0a037828",
    "data": [
      {
        "text": "stock up checklist",
        "userDefined": false
      }
    ],
    "isTemplate": false,
    "count": 0,
    "updated": 0
  },
  {
    "id": "b7d1b0f4-d82b-4d28-8bcf-c7a05eeb9c9b",
    "data": [
      {
        "text": "Things to I should buy to stock up",
        "userDefined": false
      }
    ],
    "isTemplate": false,
    "count": 0,
    "updated": 0
  },
  {
    "id": "61a603eb-329d-454e-846e-af751ed856b0",
    "data": [
      {
        "text": "What kind of supplies should I get to be prepared?",
        "userDefined": false
      }
    ],
    "isTemplate": false,
    "count": 0,
    "updated": 0
  },
  {
    "id": "07d1ec17-b0a9-4054-83b1-e0b3e537a2be",
    "data": [
      {
        "text": "What to stock up for ",
        "userDefined": false
      },
      {
        "text": "coronavirus",
        "alias": "covid-19",
        "meta": "@covid-19",
        "userDefined": false
      },
      {
        "text": "?",
        "userDefined": false
      }
    ],
    "isTemplate": false,
    "count": 0,
    "updated": 0
  }
]