[
  {
    "id": "d5b8c71e-d686-40fb-9dae-185c87b65b04",
    "data": [
      {
        "text": "What if I don\u0027t have any sanitizer?",
        "userDefined": false
      }
    ],
    "isTemplate": false,
    "count": 0,
    "updated": 0
  },
  {
    "id": "defa5244-51bb-4ab4-8e3c-7e0b41a9130a",
    "data": [
      {
        "text": "what\u0027s better a sanitizer or hand washing",
        "userDefined": false
      }
    ],
    "isTemplate": false,
    "count": 0,
    "updated": 0
  },
  {
    "id": "2719d9e2-7560-4df1-b0c4-9e4d9150c04f",
    "data": [
      {
        "text": "what if I don\u0027t have any sanitizer",
        "userDefined": false
      }
    ],
    "isTemplate": false,
    "count": 0,
    "updated": 0
  },
  {
    "id": "18e0ea89-629f-4ebe-9f3e-4db1c808ae79",
    "data": [
      {
        "text": "does liquor work to sanitize",
        "userDefined": false
      }
    ],
    "isTemplate": false,
    "count": 0,
    "updated": 0
  },
  {
    "id": "76bd5387-4064-4636-aa0b-049352b447db",
    "data": [
      {
        "text": "can I wash my hands in liquor",
        "userDefined": false
      }
    ],
    "isTemplate": false,
    "count": 0,
    "updated": 0
  },
  {
    "id": "a43e8e80-9d94-4bdc-9c76-07beb4c8644f",
    "data": [
      {
        "text": "how can I use liquor",
        "userDefined": false
      }
    ],
    "isTemplate": false,
    "count": 0,
    "updated": 0
  },
  {
    "id": "67fdd632-951f-475c-ab9b-3f3518be10d2",
    "data": [
      {
        "text": "where can I get hand sanitizer",
        "userDefined": false
      }
    ],
    "isTemplate": false,
    "count": 0,
    "updated": 0
  },
  {
    "id": "da89fcb2-22e8-4051-adc7-19bf7748f522",
    "data": [
      {
        "text": "hand sanitizers are not available, what can I use instead?",
        "userDefined": false
      }
    ],
    "isTemplate": false,
    "count": 0,
    "updated": 0
  },
  {
    "id": "7310948f-0f1c-40c0-a931-aca803e92f81",
    "data": [
      {
        "text": "Is hand sanitizer better than soap?",
        "userDefined": false
      }
    ],
    "isTemplate": false,
    "count": 0,
    "updated": 0
  },
  {
    "id": "60beb2fc-9a30-440f-ae48-0bf5d4f8327f",
    "data": [
      {
        "text": "Is hand sanitizer useful in killing coronavirus?",
        "userDefined": false
      }
    ],
    "isTemplate": false,
    "count": 0,
    "updated": 0
  },
  {
    "id": "5421b06f-a926-41eb-a8cb-824a0cf4aae4",
    "data": [
      {
        "text": "Can i use rubbing alcohol if I don\u0027t have hand sanitizer?",
        "userDefined": false
      }
    ],
    "isTemplate": false,
    "count": 0,
    "updated": 0
  },
  {
    "id": "78c4242c-51bc-43ef-9f8d-cf980947e317",
    "data": [
      {
        "text": "all hand sanitizers are sold out, what can I do?",
        "userDefined": false
      }
    ],
    "isTemplate": false,
    "count": 0,
    "updated": 0
  },
  {
    "id": "1ec31d21-bbd1-4a66-8e20-dbdda3d1aa02",
    "data": [
      {
        "text": "can i kill the virus using liquor?",
        "userDefined": false
      }
    ],
    "isTemplate": false,
    "count": 0,
    "updated": 0
  },
  {
    "id": "580a122f-1a8e-417f-8e6b-17c3357f4549",
    "data": [
      {
        "text": "can i use liquor to fight against coronavirus?",
        "userDefined": false
      }
    ],
    "isTemplate": false,
    "count": 0,
    "updated": 0
  },
  {
    "id": "7b60a8ce-0911-49d9-aa98-0cafc0a3defc",
    "data": [
      {
        "text": "what can i do if I don\u0027t have hand sanitizer?",
        "userDefined": false
      }
    ],
    "isTemplate": false,
    "count": 0,
    "updated": 0
  },
  {
    "id": "6f75132e-a34a-482d-a05e-d4d030b0fb9d",
    "data": [
      {
        "text": "Can I use a strong alcohol content liquor in liue of hand sanitizer?",
        "userDefined": false
      }
    ],
    "isTemplate": false,
    "count": 0,
    "updated": 0
  },
  {
    "id": "24bae631-6823-4512-beb4-32f32faf6dc3",
    "data": [
      {
        "text": "What alternatives do I have if there are no hand sanitizers available? Can I use other alcohol like ethyl or liquor?",
        "userDefined": false
      }
    ],
    "isTemplate": false,
    "count": 0,
    "updated": 0
  }
]