[
  {
    "id": "2923b57d-f6de-4f68-b1c0-180978d8c7fa",
    "data": [
      {
        "text": "How long is the incubation?",
        "userDefined": false
      }
    ],
    "isTemplate": false,
    "count": 0,
    "updated": 0
  },
  {
    "id": "8c460cbc-0ce6-4769-ae75-90720b088b61",
    "data": [
      {
        "text": "incubation period for coronavirus",
        "userDefined": false
      }
    ],
    "isTemplate": false,
    "count": 0,
    "updated": 0
  },
  {
    "id": "3cf4ec1c-904a-44c1-8da0-2207d3f228ed",
    "data": [
      {
        "text": "how long does it take before I show symptoms?",
        "userDefined": false
      }
    ],
    "isTemplate": false,
    "count": 0,
    "updated": 0
  },
  {
    "id": "f2dde73d-5cc3-4339-96ae-4f8812bc6c19",
    "data": [
      {
        "text": "How long is the incubation period",
        "userDefined": false
      }
    ],
    "isTemplate": false,
    "count": 0,
    "updated": 0
  },
  {
    "id": "6daac59d-32dc-45ce-b64f-cc65f80bdf27",
    "data": [
      {
        "text": "How long is the incubation",
        "userDefined": false
      }
    ],
    "isTemplate": false,
    "count": 0,
    "updated": 0
  },
  {
    "id": "8f8cff4c-3d4a-4675-9b5f-25c7cf86e503",
    "data": [
      {
        "text": "How long is the incubation period for COVID-19?",
        "userDefined": false
      }
    ],
    "isTemplate": false,
    "count": 0,
    "updated": 0
  }
]