[
  {
    "id": "3ad39b75-bcd0-4268-9fd0-d6edfe0a1673",
    "data": [
      {
        "text": "Can I go out yet",
        "userDefined": false
      }
    ],
    "isTemplate": false,
    "count": 0,
    "updated": 0
  },
  {
    "id": "4b9cf038-96ed-4be1-a026-841a60cbed56",
    "data": [
      {
        "text": "can i go out",
        "userDefined": false
      }
    ],
    "isTemplate": false,
    "count": 0,
    "updated": 0
  },
  {
    "id": "72402a75-48b4-4992-a619-80fbdfe70174",
    "data": [
      {
        "text": "What does shelter in place mean?",
        "userDefined": false
      }
    ],
    "isTemplate": false,
    "count": 0,
    "updated": 0
  },
  {
    "id": "ab1fea71-df7a-4ab1-9780-6ee5e25d186e",
    "data": [
      {
        "text": "What is shelter in place?",
        "userDefined": false
      }
    ],
    "isTemplate": false,
    "count": 0,
    "updated": 0
  },
  {
    "id": "f7298a8b-c446-4e48-ad99-20cfbf8b5b67",
    "data": [
      {
        "text": "Can I still go to work?",
        "userDefined": false
      }
    ],
    "isTemplate": false,
    "count": 0,
    "updated": 0
  },
  {
    "id": "67e26124-392a-4e91-92a7-0c74dbf2c28c",
    "data": [
      {
        "text": "Can I still take a walk in ",
        "userDefined": false
      },
      {
        "text": "San Francisco",
        "alias": "geo-city",
        "meta": "@sys.geo-city",
        "userDefined": false
      },
      {
        "text": "?",
        "userDefined": false
      }
    ],
    "isTemplate": false,
    "count": 0,
    "updated": 0
  },
  {
    "id": "534d8d4d-fa7d-4739-b774-88fd8d7cd154",
    "data": [
      {
        "text": "Can I still take a walk in the neighborhood?",
        "userDefined": false
      }
    ],
    "isTemplate": false,
    "count": 0,
    "updated": 0
  },
  {
    "id": "afa028b4-8307-4faa-8f1e-835b322ebc81",
    "data": [
      {
        "text": "still jog",
        "userDefined": false
      }
    ],
    "isTemplate": false,
    "count": 0,
    "updated": 0
  },
  {
    "id": "da05795e-1e5e-4d9a-9cfe-333832e42af9",
    "data": [
      {
        "text": "Can I still go take a hike?",
        "userDefined": false
      }
    ],
    "isTemplate": false,
    "count": 0,
    "updated": 0
  },
  {
    "id": "ee27cc68-29d6-4121-b73b-eda56e20773f",
    "data": [
      {
        "text": "shelter in place",
        "userDefined": false
      }
    ],
    "isTemplate": false,
    "count": 0,
    "updated": 0
  },
  {
    "id": "b082a0e1-49a6-46c6-8be9-8b909afe72fc",
    "data": [
      {
        "text": "can I still go for hikes",
        "userDefined": false
      }
    ],
    "isTemplate": false,
    "count": 0,
    "updated": 0
  },
  {
    "id": "a979b71c-b905-4bbe-a924-3d9995cef57d",
    "data": [
      {
        "text": "can I still go to restaurants",
        "userDefined": false
      }
    ],
    "isTemplate": false,
    "count": 1,
    "updated": 0
  },
  {
    "id": "22f7775c-7cdd-4a3b-a47b-6ddef2981990",
    "data": [
      {
        "text": "can I still go out",
        "userDefined": false
      }
    ],
    "isTemplate": false,
    "count": 1,
    "updated": 0
  },
  {
    "id": "2e2938c0-464d-4158-a545-b6972abf3a54",
    "data": [
      {
        "text": "can I still go outside",
        "userDefined": false
      }
    ],
    "isTemplate": false,
    "count": 1,
    "updated": 0
  },
  {
    "id": "95b7e5f1-48b2-4da0-b25b-c8a1d5d3fb90",
    "data": [
      {
        "text": "Can I take a hike in the woods?",
        "userDefined": false
      }
    ],
    "isTemplate": false,
    "count": 0,
    "updated": 0
  },
  {
    "id": "0d5a91c5-0265-4f82-8891-d90610e360fa",
    "data": [
      {
        "text": "can I still do outside walks?",
        "userDefined": false
      }
    ],
    "isTemplate": false,
    "count": 0,
    "updated": 0
  },
  {
    "id": "09d214b5-be52-4bda-a13c-c7717f652fa1",
    "data": [
      {
        "text": "Am I allowed to go outside?",
        "userDefined": false
      }
    ],
    "isTemplate": false,
    "count": 0,
    "updated": 0
  },
  {
    "id": "8d1f595c-9d84-4476-a450-d50f504eb53d",
    "data": [
      {
        "text": "can I go to the gym",
        "userDefined": false
      }
    ],
    "isTemplate": false,
    "count": 0,
    "updated": 0
  },
  {
    "id": "df1d7c85-a5ba-4773-87f3-23193aa48b87",
    "data": [
      {
        "text": "should I workout",
        "userDefined": false
      }
    ],
    "isTemplate": false,
    "count": 0,
    "updated": 0
  },
  {
    "id": "c0ecf874-0e0f-418d-9515-3be91459a188",
    "data": [
      {
        "text": "Should I order take out?",
        "userDefined": false
      }
    ],
    "isTemplate": false,
    "count": 0,
    "updated": 0
  },
  {
    "id": "4d66b114-b3b8-43d7-977b-a862b7be4639",
    "data": [
      {
        "text": "Should I order food for delivery?",
        "userDefined": false
      }
    ],
    "isTemplate": false,
    "count": 0,
    "updated": 0
  },
  {
    "id": "44277794-1ff5-46c0-9242-92246635674b",
    "data": [
      {
        "text": "What has been cancelled?",
        "userDefined": false
      }
    ],
    "isTemplate": false,
    "count": 0,
    "updated": 0
  },
  {
    "id": "0ad224f8-4beb-41ec-8e15-57eae64d0452",
    "data": [
      {
        "text": "should my ",
        "userDefined": false
      },
      {
        "text": "70 year old",
        "alias": "age",
        "meta": "@sys.age",
        "userDefined": false
      },
      {
        "text": " mother go out?",
        "userDefined": false
      }
    ],
    "isTemplate": false,
    "count": 0,
    "updated": 0
  },
  {
    "id": "a2f829f4-c406-49d4-bac0-da751f47de2f",
    "data": [
      {
        "text": "can I go grocery shopping",
        "userDefined": false
      }
    ],
    "isTemplate": false,
    "count": 0,
    "updated": 0
  },
  {
    "id": "ca6873a0-daf1-46ea-a963-7f408e2fc6b5",
    "data": [
      {
        "text": "can I still go out to do my grocery shopping",
        "userDefined": false
      }
    ],
    "isTemplate": false,
    "count": 0,
    "updated": 0
  },
  {
    "id": "447e0a12-7145-469e-9f0b-371672a68ae4",
    "data": [
      {
        "text": "Is it safe to go to the coffee shop?",
        "userDefined": false
      }
    ],
    "isTemplate": false,
    "count": 0,
    "updated": 0
  },
  {
    "id": "bb451a40-a05a-42e8-8891-2f036f150266",
    "data": [
      {
        "text": "Are my kids safe to do the monkey bars at an outside playground?",
        "userDefined": false
      }
    ],
    "isTemplate": false,
    "count": 0,
    "updated": 0
  },
  {
    "id": "73ffe7f1-ecf5-4b14-b176-250b431ae362",
    "data": [
      {
        "text": "Is takeout pizza safe?",
        "userDefined": false
      }
    ],
    "isTemplate": false,
    "count": 0,
    "updated": 0
  },
  {
    "id": "d5971fae-0334-46bd-b8e9-9a8e702eceb3",
    "data": [
      {
        "text": "Can I take my boat out fishing?",
        "userDefined": false
      }
    ],
    "isTemplate": false,
    "count": 0,
    "updated": 0
  },
  {
    "id": "5ad6d027-7ba9-4936-8122-1fb6f17c4e09",
    "data": [
      {
        "text": "can I cut my lawn?",
        "userDefined": false
      }
    ],
    "isTemplate": false,
    "count": 0,
    "updated": 0
  },
  {
    "id": "b500dcfe-8a19-42be-a3fa-84c1e0805bbc",
    "data": [
      {
        "text": "can I take my dog for a walk?",
        "userDefined": false
      }
    ],
    "isTemplate": false,
    "count": 0,
    "updated": 0
  },
  {
    "id": "d1e56616-d69c-4422-8a2e-3e1df2e65842",
    "data": [
      {
        "text": "can I go to work if I feel sick",
        "userDefined": false
      }
    ],
    "isTemplate": false,
    "count": 0,
    "updated": 0
  },
  {
    "id": "101ff293-b92c-4440-ae45-326936002871",
    "data": [
      {
        "text": "is it safe to go to new york now",
        "userDefined": false
      }
    ],
    "isTemplate": false,
    "count": 0,
    "updated": 0
  },
  {
    "id": "8037464c-8a97-4b6e-9568-c1a07781a27d",
    "data": [
      {
        "text": "Can I visit with other people?",
        "userDefined": false
      }
    ],
    "isTemplate": false,
    "count": 1,
    "updated": 0
  },
  {
    "id": "373f3c52-a00f-4d81-82d2-cdf2d85ca815",
    "data": [
      {
        "text": "dangerous to go to a store?",
        "userDefined": false
      }
    ],
    "isTemplate": false,
    "count": 0,
    "updated": 0
  },
  {
    "id": "3bf8f383-e010-41f9-ada8-176c930458e4",
    "data": [
      {
        "text": "is it safe to be outdoor",
        "userDefined": false
      }
    ],
    "isTemplate": false,
    "count": 0,
    "updated": 0
  },
  {
    "id": "2aea8abd-a13c-4b64-a54e-f6f5560e9faa",
    "data": [
      {
        "text": "can I go ride my ",
        "userDefined": false
      },
      {
        "text": "bike",
        "alias": "outdoor_activities",
        "meta": "@outdoor_activities",
        "userDefined": false
      }
    ],
    "isTemplate": false,
    "count": 0,
    "updated": 0
  },
  {
    "id": "fe5e0927-933a-4334-be6f-97f6cfb24b77",
    "data": [
      {
        "text": "Can I ride my ",
        "userDefined": false
      },
      {
        "text": "bike",
        "alias": "outdoor_activities",
        "meta": "@outdoor_activities",
        "userDefined": false
      },
      {
        "text": " outside?",
        "userDefined": false
      }
    ],
    "isTemplate": false,
    "count": 0,
    "updated": 0
  },
  {
    "id": "c623dac4-a04a-4726-986c-29e6f6fa4671",
    "data": [
      {
        "text": "Shall I go to work?",
        "userDefined": false
      }
    ],
    "isTemplate": false,
    "count": 0,
    "updated": 0
  },
  {
    "id": "a04cc2e5-e9eb-4781-8cea-c16e02d64957",
    "data": [
      {
        "text": "Can I go to work if I feel sick?",
        "userDefined": false
      }
    ],
    "isTemplate": false,
    "count": 0,
    "updated": 0
  },
  {
    "id": "b09d23d9-fc24-44ca-9b8f-edcb6b643b5f",
    "data": [
      {
        "text": "Can I still go to ",
        "userDefined": false
      },
      {
        "text": "church",
        "alias": "outdoor_activities",
        "meta": "@outdoor_activities",
        "userDefined": true
      },
      {
        "text": "?",
        "userDefined": false
      }
    ],
    "isTemplate": false,
    "count": 0,
    "updated": 0
  },
  {
    "id": "59488da9-7765-4428-9e43-940d550799db",
    "data": [
      {
        "text": "When am I safe to go in public?",
        "userDefined": false
      }
    ],
    "isTemplate": false,
    "count": 1,
    "updated": 0
  },
  {
    "id": "d237e52e-b738-47d9-9aef-7b4c6fd57cfc",
    "data": [
      {
        "text": "Can I ride my ",
        "userDefined": false
      },
      {
        "text": "bike",
        "alias": "outdoor_activities",
        "meta": "@outdoor_activities",
        "userDefined": true
      },
      {
        "text": " in ",
        "userDefined": false
      },
      {
        "text": "san francisco",
        "alias": "geo-city",
        "meta": "@sys.geo-city",
        "userDefined": false
      },
      {
        "text": "?",
        "userDefined": false
      }
    ],
    "isTemplate": false,
    "count": 0,
    "updated": 0
  }
]