[
  {
    "id": "4701d6cc-f497-4ae7-b8db-6545c7418572",
    "data": [
      {
        "text": "can I get it from pets?",
        "userDefined": false
      }
    ],
    "isTemplate": false,
    "count": 0,
    "updated": 0
  },
  {
    "id": "6e0914d0-df57-4e91-adf8-47281d965969",
    "data": [
      {
        "text": "Can my pets get the virus?",
        "userDefined": false
      }
    ],
    "isTemplate": false,
    "count": 0,
    "updated": 0
  },
  {
    "id": "097a20ea-db17-4255-9904-6761997bc5f8",
    "data": [
      {
        "text": "Can pets get the ",
        "userDefined": false
      },
      {
        "text": "virus",
        "alias": "covid-19",
        "meta": "@covid-19",
        "userDefined": false
      },
      {
        "text": ".",
        "userDefined": false
      }
    ],
    "isTemplate": false,
    "count": 1,
    "updated": 0
  },
  {
    "id": "a42720cd-8bcc-42e3-8458-81fdc3e2bce3",
    "data": [
      {
        "text": "can I get it from mosquitoes?",
        "userDefined": false
      }
    ],
    "isTemplate": false,
    "count": 0,
    "updated": 0
  },
  {
    "id": "2c445dec-fecd-428b-863e-03c869458d5e",
    "data": [
      {
        "text": "can bugs transfer it?",
        "userDefined": false
      }
    ],
    "isTemplate": false,
    "count": 0,
    "updated": 0
  },
  {
    "id": "c13b08cf-96a8-47ce-87e4-67ac7e763f5a",
    "data": [
      {
        "text": "can i get ",
        "userDefined": false
      },
      {
        "text": "coronavirus",
        "alias": "covid-19",
        "meta": "@covid-19",
        "userDefined": false
      },
      {
        "text": " from my dog?",
        "userDefined": false
      }
    ],
    "isTemplate": false,
    "count": 0,
    "updated": 0
  },
  {
    "id": "939090b4-cfbf-408c-a63c-d5cfaddcc6a8",
    "data": [
      {
        "text": "can my dog catch it?",
        "userDefined": false
      }
    ],
    "isTemplate": false,
    "count": 0,
    "updated": 0
  },
  {
    "id": "761ee16b-9e09-4247-83f4-705f79cacafa",
    "data": [
      {
        "text": "Can dogs get ",
        "userDefined": false
      },
      {
        "text": "corona",
        "alias": "covid-19",
        "meta": "@covid-19",
        "userDefined": false
      },
      {
        "text": " virus?",
        "userDefined": false
      }
    ],
    "isTemplate": false,
    "count": 0,
    "updated": 0
  },
  {
    "id": "660e1e1f-f81d-43c5-9f69-c02d79554c99",
    "data": [
      {
        "text": "can I give the virus to my dog",
        "userDefined": false
      }
    ],
    "isTemplate": false,
    "count": 0,
    "updated": 0
  },
  {
    "id": "daacf77f-96d3-463d-8a79-339659e0998a",
    "data": [
      {
        "text": "can I pass the virus over to a cat or other animal",
        "userDefined": false
      }
    ],
    "isTemplate": false,
    "count": 0,
    "updated": 0
  },
  {
    "id": "4080dd46-e84a-441b-9548-4d3bede1c09f",
    "data": [
      {
        "text": "Can my pet get the virus?",
        "userDefined": false
      }
    ],
    "isTemplate": false,
    "count": 1,
    "updated": 0
  },
  {
    "id": "3db8c6e4-189e-477e-a729-99519a0179dd",
    "data": [
      {
        "text": "do animals get sick with this new disease?",
        "userDefined": false
      }
    ],
    "isTemplate": false,
    "count": 0,
    "updated": 0
  },
  {
    "id": "4b9ebaf0-e957-47a7-b538-4cb7161607a2",
    "data": [
      {
        "text": "can pets spread ",
        "userDefined": false
      },
      {
        "text": "covid-19",
        "alias": "covid-19",
        "meta": "@covid-19",
        "userDefined": true
      },
      {
        "text": "?",
        "userDefined": false
      }
    ],
    "isTemplate": false,
    "count": 0,
    "updated": 0
  },
  {
    "id": "a5bbd21e-7a0a-4df9-8a43-86dd6504e896",
    "data": [
      {
        "text": "Is it possible for my cats catch ",
        "userDefined": false
      },
      {
        "text": "coronavirus",
        "alias": "covid-19",
        "meta": "@covid-19",
        "userDefined": false
      },
      {
        "text": "?",
        "userDefined": false
      }
    ],
    "isTemplate": false,
    "count": 0,
    "updated": 0
  },
  {
    "id": "49b39d73-a57f-4782-b846-f98bc9465450",
    "data": [
      {
        "text": "Are my pets at risk as well?",
        "userDefined": false
      }
    ],
    "isTemplate": false,
    "count": 0,
    "updated": 0
  },
  {
    "id": "f0c5dccd-1517-4428-9e3a-01ff760101a3",
    "data": [
      {
        "text": "Can my dog get infected?",
        "userDefined": false
      }
    ],
    "isTemplate": false,
    "count": 0,
    "updated": 0
  }
]