[
  {
    "id": "1bf81834-f7fe-463d-a67c-dc2a47d6f186",
    "data": [
      {
        "text": "Is the widest airborne?",
        "userDefined": false
      }
    ],
    "isTemplate": false,
    "count": 0,
    "updated": 0
  },
  {
    "id": "9a8be033-74da-43c6-8e07-de555c0d4470",
    "data": [
      {
        "text": "Is the virus airborne?",
        "userDefined": false
      }
    ],
    "isTemplate": false,
    "count": 1,
    "updated": 0
  },
  {
    "id": "568b0682-4719-4d2c-90f1-2a1cd5b1d7f9",
    "data": [
      {
        "text": "Can the virus be transmitted through air?",
        "userDefined": false
      }
    ],
    "isTemplate": false,
    "count": 0,
    "updated": 0
  },
  {
    "id": "fd1d0d3a-da46-453a-ac53-90a958c4ebc7",
    "data": [
      {
        "text": "Is the virus in the air?",
        "userDefined": false
      }
    ],
    "isTemplate": false,
    "count": 0,
    "updated": 0
  },
  {
    "id": "a6455c10-8c69-4684-9f2d-16471c81401c",
    "data": [
      {
        "text": "How long can coronavirus stay \"alive\" in the air?",
        "userDefined": false
      }
    ],
    "isTemplate": false,
    "count": 0,
    "updated": 0
  },
  {
    "id": "a41b2022-c75a-416e-820c-302c3fe50622",
    "data": [
      {
        "text": "can it spread through air?",
        "userDefined": false
      }
    ],
    "isTemplate": false,
    "count": 0,
    "updated": 0
  },
  {
    "id": "2ab7b2db-2c81-47d9-bd2f-5e60d4831b05",
    "data": [
      {
        "text": "is the virus airborne?",
        "userDefined": false
      }
    ],
    "isTemplate": false,
    "count": 0,
    "updated": 0
  },
  {
    "id": "446ef42a-978f-4c5d-85f0-6631034ff170",
    "data": [
      {
        "text": "can you catch the virus from airborne?",
        "userDefined": false
      }
    ],
    "isTemplate": false,
    "count": 0,
    "updated": 0
  },
  {
    "id": "34885d7b-ab51-43b2-b4aa-211bb3a96da9",
    "data": [
      {
        "text": "can coronavirus stay alive in the air?",
        "userDefined": false
      }
    ],
    "isTemplate": false,
    "count": 0,
    "updated": 0
  },
  {
    "id": "b64e2bad-ba27-4bb1-8a6c-7acb1fe194a1",
    "data": [
      {
        "text": "how long can the virus live in the air?",
        "userDefined": false
      }
    ],
    "isTemplate": false,
    "count": 0,
    "updated": 0
  },
  {
    "id": "e0955da9-0432-4117-99dd-4a9fa1fdf025",
    "data": [
      {
        "text": "Is it true that coronavirus can live in air for ",
        "userDefined": false
      },
      {
        "text": "3 hours",
        "meta": "@sys.ignore",
        "userDefined": false
      },
      {
        "text": "?",
        "userDefined": false
      }
    ],
    "isTemplate": false,
    "count": 0,
    "updated": 0
  },
  {
    "id": "88b3476d-6c76-4a89-bfab-45ff259f4c50",
    "data": [
      {
        "text": "does the new virus persist in air for hours?",
        "userDefined": false
      }
    ],
    "isTemplate": false,
    "count": 0,
    "updated": 0
  },
  {
    "id": "7619c5e7-e626-4141-b98f-e999db9a7a17",
    "data": [
      {
        "text": "can the virus survive in air?",
        "userDefined": false
      }
    ],
    "isTemplate": false,
    "count": 0,
    "updated": 0
  },
  {
    "id": "837cb76c-6ad8-437b-988f-6f5b7231c473",
    "data": [
      {
        "text": "will coronavirus live in the air?",
        "userDefined": false
      }
    ],
    "isTemplate": false,
    "count": 0,
    "updated": 0
  },
  {
    "id": "7ac283aa-16aa-4ba7-a925-1dae44d9f509",
    "data": [
      {
        "text": "Can i get infected through air transmission?",
        "userDefined": false
      }
    ],
    "isTemplate": false,
    "count": 0,
    "updated": 0
  },
  {
    "id": "e73d8563-4677-4bee-bf72-6346755643a8",
    "data": [
      {
        "text": "does the virus spread through air?",
        "userDefined": false
      }
    ],
    "isTemplate": false,
    "count": 0,
    "updated": 0
  },
  {
    "id": "6b358bfd-8945-4c6f-b612-9d074d9d0c7c",
    "data": [
      {
        "text": "Can the virus that causes COVID-19 be transmitted through the air?",
        "userDefined": false
      }
    ],
    "isTemplate": false,
    "count": 0,
    "updated": 0
  }
]