[
  {
    "id": "d1545ae3-d3c8-4c89-91d4-364de30f484a",
    "data": [
      {
        "text": "Is it safe to handle packages?",
        "userDefined": false
      }
    ],
    "isTemplate": false,
    "count": 1,
    "updated": 0
  },
  {
    "id": "db92f6ce-e08f-406a-87ab-84b408595d6f",
    "data": [
      {
        "text": "What\u0027s the likelihood of me catching the disease from a package?",
        "userDefined": false
      }
    ],
    "isTemplate": false,
    "count": 0,
    "updated": 0
  },
  {
    "id": "84503709-bb61-4c26-a136-621d22ef6bef",
    "data": [
      {
        "text": "Is it still safe to receive packages?",
        "userDefined": false
      }
    ],
    "isTemplate": false,
    "count": 0,
    "updated": 0
  },
  {
    "id": "eed5df5a-fe17-422e-8938-a2a60ca97c75",
    "data": [
      {
        "text": "I am receiving a parcel from over seas is it safe to open",
        "userDefined": false
      }
    ],
    "isTemplate": false,
    "count": 1,
    "updated": 0
  },
  {
    "id": "d551a635-e946-421c-bec0-e01ea1d8c37f",
    "data": [
      {
        "text": "I am getting a shipment from china, can I open it",
        "userDefined": false
      }
    ],
    "isTemplate": false,
    "count": 0,
    "updated": 0
  },
  {
    "id": "a7cfa1cf-9c33-446e-84d2-f4195e27908b",
    "data": [
      {
        "text": "I\u0027m having something shipped from China if it safe to open it.",
        "userDefined": false
      }
    ],
    "isTemplate": false,
    "count": 0,
    "updated": 0
  },
  {
    "id": "9fbcfb6f-f2ea-4709-a4db-8630f46f48e7",
    "data": [
      {
        "text": "I\u0027m going to receive a package from ",
        "userDefined": false
      },
      {
        "text": "China",
        "alias": "geo-country",
        "meta": "@sys.geo-country",
        "userDefined": false
      },
      {
        "text": ". Can I open it?",
        "userDefined": false
      }
    ],
    "isTemplate": false,
    "count": 0,
    "updated": 0
  },
  {
    "id": "53d76630-2597-4c7a-ae72-d9e4ae3422a7",
    "data": [
      {
        "text": "What about things that are shipped from China?",
        "userDefined": false
      }
    ],
    "isTemplate": false,
    "count": 0,
    "updated": 0
  },
  {
    "id": "7815123d-2bd4-4e2b-b755-48a958b1f1ae",
    "data": [
      {
        "text": "can i touch amazon delivery packages?",
        "userDefined": false
      }
    ],
    "isTemplate": false,
    "count": 0,
    "updated": 0
  },
  {
    "id": "43ff537b-62d8-444d-9f90-b7f940648251",
    "data": [
      {
        "text": "Can I get the virus bringing in a package delivery?",
        "userDefined": false
      }
    ],
    "isTemplate": false,
    "count": 0,
    "updated": 0
  },
  {
    "id": "09a41f9e-06f6-46c1-bd34-2c4385a73059",
    "data": [
      {
        "text": "what if I get a package from ",
        "userDefined": false
      },
      {
        "text": "china",
        "alias": "geo-country",
        "meta": "@sys.geo-country",
        "userDefined": false
      }
    ],
    "isTemplate": false,
    "count": 0,
    "updated": 0
  },
  {
    "id": "80142cc1-7b30-4b59-8978-095020162996",
    "data": [
      {
        "text": "can it spread from a package I got from ",
        "userDefined": false
      },
      {
        "text": "china",
        "alias": "geo-country",
        "meta": "@sys.geo-country",
        "userDefined": false
      }
    ],
    "isTemplate": false,
    "count": 0,
    "updated": 0
  },
  {
    "id": "efc81e59-4cab-45c4-ab75-35f6bd611a89",
    "data": [
      {
        "text": "Is it safe to handle package from ",
        "userDefined": false
      },
      {
        "text": "China",
        "alias": "geo-country",
        "meta": "@sys.geo-country",
        "userDefined": false
      },
      {
        "text": "?",
        "userDefined": false
      }
    ],
    "isTemplate": false,
    "count": 0,
    "updated": 0
  },
  {
    "id": "882be9f1-b76a-4dbf-bbe3-562a77fe34ae",
    "data": [
      {
        "text": "Is it safe to receive a package from any area where COVID-19 has been reported?",
        "userDefined": false
      }
    ],
    "isTemplate": false,
    "count": 0,
    "updated": 0
  }
]