[
  {
    "id": "e06b8765-2e35-4a5f-9bc5-a6518d792c94",
    "data": [
      {
        "text": "what is the chinese ",
        "userDefined": false
      },
      {
        "text": "virus",
        "meta": "@sys.ignore",
        "userDefined": false
      },
      {
        "text": "?",
        "userDefined": false
      }
    ],
    "isTemplate": false,
    "count": 0,
    "updated": 0
  },
  {
    "id": "c2f37ac5-1f22-4899-8823-117b132cb3bc",
    "data": [
      {
        "text": "what is the chinese flu?",
        "userDefined": false
      }
    ],
    "isTemplate": false,
    "count": 0,
    "updated": 0
  },
  {
    "id": "50e620c1-db94-43fe-b64e-d83c8b42925b",
    "data": [
      {
        "text": "what is the ",
        "userDefined": false
      },
      {
        "text": "wuhan virus",
        "meta": "@sys.ignore",
        "userDefined": false
      },
      {
        "text": "?",
        "userDefined": false
      }
    ],
    "isTemplate": false,
    "count": 0,
    "updated": 0
  },
  {
    "id": "55382c9e-800b-4883-98d8-9a376d2c2dbc",
    "data": [
      {
        "text": "what is the ",
        "userDefined": false
      },
      {
        "text": "wuhan",
        "meta": "@sys.ignore",
        "userDefined": false
      },
      {
        "text": " disease?",
        "userDefined": false
      }
    ],
    "isTemplate": false,
    "count": 0,
    "updated": 0
  },
  {
    "id": "c4969d98-32c6-465d-bcf0-bff465676864",
    "data": [
      {
        "text": "china",
        "meta": "@sys.ignore",
        "userDefined": false
      },
      {
        "text": " ",
        "userDefined": false
      },
      {
        "text": "virus",
        "meta": "@sys.ignore",
        "userDefined": false
      }
    ],
    "isTemplate": false,
    "count": 0,
    "updated": 0
  },
  {
    "id": "a152037d-a6a8-43b3-9043-fceccc7de5da",
    "data": [
      {
        "text": "wuhan virus",
        "meta": "@sys.ignore",
        "userDefined": false
      }
    ],
    "isTemplate": false,
    "count": 0,
    "updated": 0
  },
  {
    "id": "871a09ef-6683-44ef-9ac1-31f6c8a780c4",
    "data": [
      {
        "text": "china flu",
        "userDefined": false
      }
    ],
    "isTemplate": false,
    "count": 0,
    "updated": 0
  },
  {
    "id": "abea6a55-15b4-4605-bb37-476ce907c5f7",
    "data": [
      {
        "text": "chinese ",
        "userDefined": false
      },
      {
        "text": "virus",
        "meta": "@sys.ignore",
        "userDefined": false
      }
    ],
    "isTemplate": false,
    "count": 0,
    "updated": 0
  }
]