[
  {
    "id": "e37fa063-bd13-4fb8-8359-ec609840b031",
    "data": [
      {
        "text": "What are the precautions to take for ",
        "userDefined": false
      },
      {
        "text": "Corona",
        "alias": "covid-19",
        "meta": "@covid-19",
        "userDefined": false
      },
      {
        "text": " wear?",
        "userDefined": false
      }
    ],
    "isTemplate": false,
    "count": 0,
    "updated": 0
  },
  {
    "id": "21b2fd31-0aaa-4e06-a72c-3f82c5aa6ce2",
    "data": [
      {
        "text": "what precautions should i take?",
        "userDefined": false
      }
    ],
    "isTemplate": false,
    "count": 0,
    "updated": 0
  },
  {
    "id": "ced9391c-608c-4e64-8a26-aa6f14643bc3",
    "data": [
      {
        "text": " If I’m sick, how do I protect the people I live with?",
        "userDefined": false
      }
    ],
    "isTemplate": false,
    "count": 0,
    "updated": 0
  },
  {
    "id": "5a3dab8a-f161-4386-84fe-1ec317fc7005",
    "data": [
      {
        "text": "how to prevent getting ",
        "userDefined": false
      },
      {
        "text": "Coronavirus",
        "alias": "covid-19",
        "meta": "@covid-19",
        "userDefined": false
      }
    ],
    "isTemplate": false,
    "count": 0,
    "updated": 0
  },
  {
    "id": "c1566c06-b58a-41d9-829b-282d4636ac48",
    "data": [
      {
        "text": "how to clean my home to prevent ",
        "userDefined": false
      },
      {
        "text": "Coronavirus",
        "alias": "covid-19",
        "meta": "@covid-19",
        "userDefined": false
      }
    ],
    "isTemplate": false,
    "count": 0,
    "updated": 0
  },
  {
    "id": "98093c7f-63c2-48e7-88d2-5b3e7bebaf0a",
    "data": [
      {
        "text": "how can I guard myself",
        "userDefined": false
      }
    ],
    "isTemplate": false,
    "count": 1,
    "updated": 0
  },
  {
    "id": "4cb98628-575b-45b4-8cdb-a58355bd613b",
    "data": [
      {
        "text": "What precautions I need to do?",
        "userDefined": false
      }
    ],
    "isTemplate": false,
    "count": 0,
    "updated": 0
  },
  {
    "id": "7b9029ad-45aa-49b6-9a60-18bb0c8527ed",
    "data": [
      {
        "text": "I think I have ",
        "userDefined": false
      },
      {
        "text": "Corona",
        "alias": "covid-19",
        "meta": "@covid-19",
        "userDefined": false
      },
      {
        "text": ". How can I protect others from getting it?",
        "userDefined": false
      }
    ],
    "isTemplate": false,
    "count": 0,
    "updated": 0
  },
  {
    "id": "def6187e-c6f0-4354-8182-c72510bccaf4",
    "data": [
      {
        "text": "How can I protect myself?",
        "userDefined": false
      }
    ],
    "isTemplate": false,
    "count": 0,
    "updated": 0
  },
  {
    "id": "1d2de0c2-a5b2-4357-9bf3-9e46ba4d0206",
    "data": [
      {
        "text": "precautions",
        "userDefined": false
      }
    ],
    "isTemplate": false,
    "count": 0,
    "updated": 0
  },
  {
    "id": "98434fc0-aa08-4061-90e8-6affba9ef664",
    "data": [
      {
        "text": "what to do",
        "userDefined": false
      }
    ],
    "isTemplate": false,
    "count": 0,
    "updated": 0
  },
  {
    "id": "aa061d42-f393-45b5-95eb-250bd550acc9",
    "data": [
      {
        "text": "what can I do to protect my family",
        "userDefined": false
      }
    ],
    "isTemplate": false,
    "count": 1,
    "updated": 0
  },
  {
    "id": "1f045da8-10de-4732-99da-1fd54a7fb12b",
    "data": [
      {
        "text": "how can I defend myself from getting it",
        "userDefined": false
      }
    ],
    "isTemplate": false,
    "count": 0,
    "updated": 0
  },
  {
    "id": "0665bd17-6ce6-4516-867c-a28f13df78b7",
    "data": [
      {
        "text": "how can I save myself from getting it",
        "userDefined": false
      }
    ],
    "isTemplate": false,
    "count": 0,
    "updated": 0
  },
  {
    "id": "7241f88f-709f-48d5-aafa-bbf53dd19a73",
    "data": [
      {
        "text": "should we wear gloves when we go out/",
        "userDefined": false
      }
    ],
    "isTemplate": false,
    "count": 0,
    "updated": 0
  },
  {
    "id": "b84f98fe-efb5-4581-ade4-9d54f0d7f731",
    "data": [
      {
        "text": "how can you stay safe",
        "userDefined": false
      }
    ],
    "isTemplate": false,
    "count": 0,
    "updated": 0
  },
  {
    "id": "f67a68d7-2a30-4a64-9f8d-6d35a3239f13",
    "data": [
      {
        "text": "how can one stay safe",
        "userDefined": false
      }
    ],
    "isTemplate": false,
    "count": 0,
    "updated": 0
  },
  {
    "id": "6ed849b9-7bfb-4213-9a78-c830967b3e01",
    "data": [
      {
        "text": "how to not get the virus",
        "userDefined": false
      }
    ],
    "isTemplate": false,
    "count": 1,
    "updated": 0
  },
  {
    "id": "3934872c-a03a-4d93-ab73-aead30ffd938",
    "data": [
      {
        "text": "How do I protect myself?",
        "userDefined": false
      }
    ],
    "isTemplate": false,
    "count": 0,
    "updated": 0
  },
  {
    "id": "96361550-2ca7-46d4-ba8e-a1813e56dd46",
    "data": [
      {
        "text": "what should I be doing?",
        "userDefined": false
      }
    ],
    "isTemplate": false,
    "count": 1,
    "updated": 0
  },
  {
    "id": "0de6cb2a-984b-4b07-8353-ba04ae699d3f",
    "data": [
      {
        "text": "what should I be doing",
        "userDefined": false
      }
    ],
    "isTemplate": false,
    "count": 1,
    "updated": 0
  },
  {
    "id": "3c0ca728-896e-4771-9953-c3dc090ba3cc",
    "data": [
      {
        "text": "do you have any advice?",
        "userDefined": false
      }
    ],
    "isTemplate": false,
    "count": 1,
    "updated": 0
  },
  {
    "id": "a205f123-8258-492d-8e47-03a8e6858ae2",
    "data": [
      {
        "text": "do you have any advice/",
        "userDefined": false
      }
    ],
    "isTemplate": false,
    "count": 0,
    "updated": 0
  },
  {
    "id": "92469209-7f9d-4a27-99a3-27cbb23c31f7",
    "data": [
      {
        "text": "how do I stay safe amidst the outbreak?",
        "userDefined": false
      }
    ],
    "isTemplate": false,
    "count": 0,
    "updated": 0
  },
  {
    "id": "380de1cd-dfc5-4a6c-99d6-5ebeeee561da",
    "data": [
      {
        "text": "do you have tips to stay safe?",
        "userDefined": false
      }
    ],
    "isTemplate": false,
    "count": 0,
    "updated": 0
  },
  {
    "id": "ff001181-4789-417f-91b1-943b346aa3fd",
    "data": [
      {
        "text": "tips",
        "userDefined": false
      }
    ],
    "isTemplate": false,
    "count": 0,
    "updated": 0
  },
  {
    "id": "61aa447c-fd24-4edf-b0fc-27f8ad8ec24f",
    "data": [
      {
        "text": "What should I do",
        "userDefined": false
      }
    ],
    "isTemplate": false,
    "count": 0,
    "updated": 0
  },
  {
    "id": "38372fc7-a492-4abd-8a39-ceefd8690085",
    "data": [
      {
        "text": "what are the precautions which I can take to protect from getting infected",
        "userDefined": false
      }
    ],
    "isTemplate": false,
    "count": 0,
    "updated": 0
  },
  {
    "id": "31c213a0-70b6-4cf0-8227-5b2f61777805",
    "data": [
      {
        "text": "what should I do",
        "userDefined": false
      }
    ],
    "isTemplate": false,
    "count": 0,
    "updated": 0
  },
  {
    "id": "f41e4838-53d3-4d05-934c-96a23f6c7467",
    "data": [
      {
        "text": "What should I do?",
        "userDefined": false
      }
    ],
    "isTemplate": false,
    "count": 0,
    "updated": 0
  },
  {
    "id": "68d3f2e7-f428-4faf-9e54-adbab7eab32a",
    "data": [
      {
        "text": "how do I avoid giving ",
        "userDefined": false
      },
      {
        "text": "corona",
        "alias": "covid-19",
        "meta": "@covid-19",
        "userDefined": false
      },
      {
        "text": " to others",
        "userDefined": false
      }
    ],
    "isTemplate": false,
    "count": 0,
    "updated": 0
  },
  {
    "id": "5f69003a-e55d-4615-8387-1f190c3a5e3c",
    "data": [
      {
        "text": "What can i do to not get infected",
        "userDefined": false
      }
    ],
    "isTemplate": false,
    "count": 0,
    "updated": 0
  },
  {
    "id": "efb5bad5-7df7-4df5-92d5-fa15d38b75a8",
    "data": [
      {
        "text": "What should I do to keep myself safe?",
        "userDefined": false
      }
    ],
    "isTemplate": false,
    "count": 0,
    "updated": 0
  },
  {
    "id": "7cf0b6c4-e811-4684-9844-4c8807523d7e",
    "data": [
      {
        "text": "Can I do anything to avoid being infected?",
        "userDefined": false
      }
    ],
    "isTemplate": false,
    "count": 0,
    "updated": 0
  },
  {
    "id": "c25e811d-14f1-49db-9448-a9494b8efd44",
    "data": [
      {
        "text": "How do I avoid covid-19?",
        "userDefined": false
      }
    ],
    "isTemplate": false,
    "count": 0,
    "updated": 0
  },
  {
    "id": "b462a082-4bde-449e-9583-1733ee762e73",
    "data": [
      {
        "text": "How do I avoid getting the virus?",
        "userDefined": false
      }
    ],
    "isTemplate": false,
    "count": 0,
    "updated": 0
  },
  {
    "id": "18a8fc0a-81a6-46b6-a4e0-40a1f3b95d17",
    "data": [
      {
        "text": "What can I do to not get infected?",
        "userDefined": false
      }
    ],
    "isTemplate": false,
    "count": 0,
    "updated": 0
  },
  {
    "id": "29bc9522-d5bd-4392-b46d-199bbc398268",
    "data": [
      {
        "text": "How can I keep my self safe from others?",
        "userDefined": false
      }
    ],
    "isTemplate": false,
    "count": 0,
    "updated": 0
  },
  {
    "id": "eb67558b-fa6b-4d2a-814a-a34e05a9dbc8",
    "data": [
      {
        "text": "how to stay safe from getting it",
        "userDefined": false
      }
    ],
    "isTemplate": false,
    "count": 0,
    "updated": 0
  },
  {
    "id": "adad6de5-ebb5-49b5-b166-3c88fd8c6ca4",
    "data": [
      {
        "text": "how do i make sure i don\u0027t get the virus",
        "userDefined": false
      }
    ],
    "isTemplate": false,
    "count": 0,
    "updated": 0
  },
  {
    "id": "f252fe5a-de1c-4301-9d9b-a081cbe661a9",
    "data": [
      {
        "text": "What precautions should I take",
        "userDefined": false
      }
    ],
    "isTemplate": false,
    "count": 0,
    "updated": 0
  },
  {
    "id": "4be8ce3c-4517-43b9-aaf2-3f51b7a64941",
    "data": [
      {
        "text": "What should I avoid to do?",
        "userDefined": false
      }
    ],
    "isTemplate": false,
    "count": 0,
    "updated": 0
  },
  {
    "id": "030c408b-caf3-4305-95ce-df26c60bde07",
    "data": [
      {
        "text": "how do I avoid giving ",
        "userDefined": false
      },
      {
        "text": "corona",
        "alias": "covid-19",
        "meta": "@covid-19",
        "userDefined": false
      },
      {
        "text": " to others?",
        "userDefined": false
      }
    ],
    "isTemplate": false,
    "count": 0,
    "updated": 0
  },
  {
    "id": "9fe64099-7c4c-4d4a-b075-4e0d435b1ca7",
    "data": [
      {
        "text": "what should i do to avoid it",
        "userDefined": false
      }
    ],
    "isTemplate": false,
    "count": 0,
    "updated": 0
  },
  {
    "id": "fd8de462-8ad2-4e68-a3b3-80464d4e2f6d",
    "data": [
      {
        "text": "how can i avoid ",
        "userDefined": false
      },
      {
        "text": "corona",
        "alias": "covid-19",
        "meta": "@covid-19",
        "userDefined": false
      },
      {
        "text": "?",
        "userDefined": false
      }
    ],
    "isTemplate": false,
    "count": 0,
    "updated": 0
  },
  {
    "id": "7c234236-57f7-4e62-90ce-f5fb3f76da03",
    "data": [
      {
        "text": "I\u0027m about to check myself in my family.",
        "userDefined": false
      }
    ],
    "isTemplate": false,
    "count": 0,
    "updated": 0
  },
  {
    "id": "77f08e8e-a2c7-48a6-8620-11d587acd2e7",
    "data": [
      {
        "text": "Okay, how do I protect myself in my family?",
        "userDefined": false
      }
    ],
    "isTemplate": false,
    "count": 0,
    "updated": 0
  },
  {
    "id": "4c9e0ddb-bbfa-4d13-864a-5c473ff7b0d7",
    "data": [
      {
        "text": "What are the precautions I need to take?",
        "userDefined": false
      }
    ],
    "isTemplate": false,
    "count": 0,
    "updated": 0
  },
  {
    "id": "64b7bafd-e336-4869-a610-1697624c4a80",
    "data": [
      {
        "text": "coronavirus",
        "alias": "covid-19",
        "meta": "@covid-19",
        "userDefined": false
      },
      {
        "text": " preventive measures",
        "userDefined": false
      }
    ],
    "isTemplate": false,
    "count": 0,
    "updated": 0
  },
  {
    "id": "5ab2571d-a735-4f62-a63e-6f0c4a75e317",
    "data": [
      {
        "text": "methods of prevention",
        "userDefined": false
      }
    ],
    "isTemplate": false,
    "count": 0,
    "updated": 0
  },
  {
    "id": "cbbfc163-8eb4-4d71-8da7-48c1a699e017",
    "data": [
      {
        "text": "Protecting myself from the disease",
        "userDefined": false
      }
    ],
    "isTemplate": false,
    "count": 0,
    "updated": 0
  },
  {
    "id": "b02960a6-a9e5-4b3d-bc2c-04e7be1ebb91",
    "data": [
      {
        "text": "How to protect my family from ",
        "userDefined": false
      },
      {
        "text": "coronavirus",
        "alias": "covid-19",
        "meta": "@covid-19",
        "userDefined": false
      },
      {
        "text": "?",
        "userDefined": false
      }
    ],
    "isTemplate": false,
    "count": 0,
    "updated": 0
  },
  {
    "id": "8844c92f-22e3-4403-8ef7-742b389a2c64",
    "data": [
      {
        "text": "How can I protect myself at a workplace?",
        "userDefined": false
      }
    ],
    "isTemplate": false,
    "count": 0,
    "updated": 0
  },
  {
    "id": "a3410434-c846-40e9-889e-4e962bd7246c",
    "data": [
      {
        "text": "what are the practical tips for ",
        "userDefined": false
      },
      {
        "text": "coronavirus",
        "alias": "covid-19",
        "meta": "@covid-19",
        "userDefined": false
      },
      {
        "text": " prevention?",
        "userDefined": false
      }
    ],
    "isTemplate": false,
    "count": 0,
    "updated": 0
  },
  {
    "id": "5a92e583-6706-48a8-8d65-c8f00996f22d",
    "data": [
      {
        "text": "How can I avoid getting infected?",
        "userDefined": false
      }
    ],
    "isTemplate": false,
    "count": 0,
    "updated": 0
  },
  {
    "id": "ecf9d1dd-9575-4525-84d8-676890671998",
    "data": [
      {
        "text": "Are there any prevention methods?",
        "userDefined": false
      }
    ],
    "isTemplate": false,
    "count": 0,
    "updated": 0
  },
  {
    "id": "fc2a84ec-f1fe-43b6-b47b-f3ff29e832b9",
    "data": [
      {
        "text": "what to do to prevent ",
        "userDefined": false
      },
      {
        "text": "coronavirus",
        "alias": "covid-19",
        "meta": "@covid-19",
        "userDefined": false
      },
      {
        "text": "?",
        "userDefined": false
      }
    ],
    "isTemplate": false,
    "count": 0,
    "updated": 0
  },
  {
    "id": "9d4850b4-c7bd-43ee-8b44-ededca329e0a",
    "data": [
      {
        "text": "What can I do to protect myself and prevent the spread of disease?",
        "userDefined": false
      }
    ],
    "isTemplate": false,
    "count": 0,
    "updated": 0
  },
  {
    "id": "80e461c3-aef7-41b5-b798-89fce07959c2",
    "data": [
      {
        "text": "What can I do to protect my self from being infected?",
        "userDefined": false
      }
    ],
    "isTemplate": false,
    "count": 0,
    "updated": 0
  },
  {
    "id": "71a6ab28-d769-47c0-beeb-210337ef48be",
    "data": [
      {
        "text": "What precautions should I take to prevent being infected?",
        "userDefined": false
      }
    ],
    "isTemplate": false,
    "count": 0,
    "updated": 0
  },
  {
    "id": "7b270b49-0b5b-464b-bee6-6f15c5a676cc",
    "data": [
      {
        "text": "what should i do to prevent myself from being infected by ",
        "userDefined": false
      },
      {
        "text": "coronavirus",
        "alias": "covid-19",
        "meta": "@covid-19",
        "userDefined": false
      },
      {
        "text": "?",
        "userDefined": false
      }
    ],
    "isTemplate": false,
    "count": 0,
    "updated": 0
  },
  {
    "id": "4ab23070-1c32-407e-9579-454407834f45",
    "data": [
      {
        "text": "How can I protect myself from catching the ",
        "userDefined": false
      },
      {
        "text": "coronavirus",
        "alias": "covid-19",
        "meta": "@covid-19",
        "userDefined": false
      },
      {
        "text": " disease?",
        "userDefined": false
      }
    ],
    "isTemplate": false,
    "count": 0,
    "updated": 0
  }
]