[
  {
    "id": "be2dab68-c754-4c18-8a3c-35d95c445dc8",
    "data": [
      {
        "text": "should I be concerned?",
        "userDefined": false
      }
    ],
    "isTemplate": false,
    "count": 0,
    "updated": 0
  },
  {
    "id": "0245cedf-c0db-449f-b0d9-b6ebb09426b8",
    "data": [
      {
        "text": "I am super stressed about this",
        "userDefined": false
      }
    ],
    "isTemplate": false,
    "count": 0,
    "updated": 0
  },
  {
    "id": "270aba2b-fa54-4ced-ac35-0ba7f750210d",
    "data": [
      {
        "text": "I am feeling anxious",
        "userDefined": false
      }
    ],
    "isTemplate": false,
    "count": 0,
    "updated": 0
  },
  {
    "id": "2b0615de-ec2f-4440-a79c-60d8429779de",
    "data": [
      {
        "text": "Should I be scared?",
        "userDefined": false
      }
    ],
    "isTemplate": false,
    "count": 0,
    "updated": 0
  },
  {
    "id": "cf499368-e40f-4583-8b29-c634b550a085",
    "data": [
      {
        "text": "I am you do I need to worry",
        "userDefined": false
      }
    ],
    "isTemplate": false,
    "count": 0,
    "updated": 0
  },
  {
    "id": "c5ef8ac9-34e9-41fc-b987-6c4b40f18684",
    "data": [
      {
        "text": "I am feeling very anxious about the situation, is there a number i can call to talk to someone",
        "userDefined": false
      }
    ],
    "isTemplate": false,
    "count": 0,
    "updated": 0
  },
  {
    "id": "3be73ae9-7a53-4966-8a07-0e933792321c",
    "data": [
      {
        "text": "i feel really worried about this",
        "userDefined": false
      }
    ],
    "isTemplate": false,
    "count": 1,
    "updated": 0
  },
  {
    "id": "57cf4057-0097-4be0-ad6f-573615e2df52",
    "data": [
      {
        "text": "I\u0027m pregnant and worried",
        "userDefined": false
      }
    ],
    "isTemplate": false,
    "count": 0,
    "updated": 0
  },
  {
    "id": "a6fd7379-1036-4b2d-a75f-0e5edcde0a25",
    "data": [
      {
        "text": "How do I combat loneliness",
        "userDefined": false
      }
    ],
    "isTemplate": false,
    "count": 0,
    "updated": 0
  },
  {
    "id": "c1ec62c3-9db4-4815-b7b8-6f885999ef7a",
    "data": [
      {
        "text": "how do I manage stress",
        "userDefined": false
      }
    ],
    "isTemplate": false,
    "count": 0,
    "updated": 0
  },
  {
    "id": "7e904fc6-2a92-4017-8120-19ee9df2d028",
    "data": [
      {
        "text": "I am feeling overwhelmed about this",
        "userDefined": false
      }
    ],
    "isTemplate": false,
    "count": 0,
    "updated": 0
  },
  {
    "id": "5f0568ab-9176-46b2-bee2-cbc00c6dc9c2",
    "data": [
      {
        "text": "I am feeling anxious about the virus and need someone to talk too",
        "userDefined": false
      }
    ],
    "isTemplate": false,
    "count": 0,
    "updated": 0
  },
  {
    "id": "fafe424d-dd4b-45a3-88ca-ffca67eb8067",
    "data": [
      {
        "text": "I am scared that someone will give me the disease",
        "userDefined": false
      }
    ],
    "isTemplate": false,
    "count": 0,
    "updated": 0
  },
  {
    "id": "d642bc80-fac9-48fb-b889-8d93833499b1",
    "data": [
      {
        "text": "should I be worried?",
        "userDefined": false
      }
    ],
    "isTemplate": false,
    "count": 0,
    "updated": 0
  },
  {
    "id": "681f4ae2-c6eb-4907-bf67-e025c02e86b1",
    "data": [
      {
        "text": "Why I should be worry",
        "userDefined": false
      }
    ],
    "isTemplate": false,
    "count": 0,
    "updated": 0
  },
  {
    "id": "eab790b1-aa4f-4ffd-8fd1-95b14ba80af3",
    "data": [
      {
        "text": "should I be scared about it",
        "userDefined": false
      }
    ],
    "isTemplate": false,
    "count": 0,
    "updated": 0
  },
  {
    "id": "de2279cd-0bfb-453e-ae45-de4bf9fa3dba",
    "data": [
      {
        "text": "Hi I’m scared to get the virus. What can I do?",
        "userDefined": false
      }
    ],
    "isTemplate": false,
    "count": 0,
    "updated": 0
  },
  {
    "id": "5ce1987c-1736-46d5-8ee4-aaa65d8a79bd",
    "data": [
      {
        "text": "I\u0027m scared someone might give me the disease",
        "userDefined": false
      }
    ],
    "isTemplate": false,
    "count": 1,
    "updated": 0
  },
  {
    "id": "a55d3403-2976-4e1c-b3c2-08f180e25003",
    "data": [
      {
        "text": "I\u0027m worried",
        "userDefined": false
      }
    ],
    "isTemplate": false,
    "count": 0,
    "updated": 0
  },
  {
    "id": "27ba98d8-746e-46c9-ad5c-21904cd4b756",
    "data": [
      {
        "text": "What can I do if I am worried?",
        "userDefined": false
      }
    ],
    "isTemplate": false,
    "count": 0,
    "updated": 0
  },
  {
    "id": "740d8bb1-cd49-4b3b-972e-483f0a14eb8f",
    "data": [
      {
        "text": "Should I worry about ",
        "userDefined": false
      },
      {
        "text": "coronavirus",
        "alias": "covid-19",
        "meta": "@covid-19",
        "userDefined": false
      },
      {
        "text": "?",
        "userDefined": false
      }
    ],
    "isTemplate": false,
    "count": 0,
    "updated": 0
  }
]