[
  {
    "id": "54ba747f-b569-45f1-bb7a-9bd8fa66d96d",
    "data": [
      {
        "text": "Can I pass Covid to my fetus",
        "userDefined": false
      }
    ],
    "isTemplate": false,
    "count": 0,
    "updated": 0
  },
  {
    "id": "672b2bfc-7f1e-4d43-b599-9d70cf333834",
    "data": [
      {
        "text": "Can Corona virus be come an issue for pregnant women?",
        "userDefined": false
      }
    ],
    "isTemplate": false,
    "count": 0,
    "updated": 0
  },
  {
    "id": "e52eb983-a5bd-4fac-bbe0-76960e00fdd7",
    "data": [
      {
        "text": "10 caronavirus cause issues for pregnant woman",
        "userDefined": false
      }
    ],
    "isTemplate": false,
    "count": 0,
    "updated": 0
  },
  {
    "id": "d8e521c5-1dc2-46ae-809d-3b19c5b28466",
    "data": [
      {
        "text": "Do i need to take extra precaution during pregnancy?",
        "userDefined": false
      }
    ],
    "isTemplate": false,
    "count": 0,
    "updated": 0
  },
  {
    "id": "39373248-f97e-4430-a883-253276355093",
    "data": [
      {
        "text": "Will coronavirus harm the fetus in pregnant women?",
        "userDefined": false
      }
    ],
    "isTemplate": false,
    "count": 0,
    "updated": 0
  },
  {
    "id": "12733fbb-1bb9-46e4-9173-8d1f3e8e7290",
    "data": [
      {
        "text": "Can COVID-19 be passed from a pregnant woman to the fetus or newborn?",
        "userDefined": false
      }
    ],
    "isTemplate": false,
    "count": 0,
    "updated": 0
  },
  {
    "id": "f7bf82d7-a5ad-4a21-a64e-1f9ce8648720",
    "data": [
      {
        "text": "I am pregnant can it effect my child",
        "userDefined": false
      }
    ],
    "isTemplate": false,
    "count": 1,
    "updated": 0
  },
  {
    "id": "4b996d17-5dc8-4562-a53b-27586c038ad2",
    "data": [
      {
        "text": "What happens if you are pregnant and is getting the virus",
        "userDefined": false
      }
    ],
    "isTemplate": false,
    "count": 1,
    "updated": 0
  },
  {
    "id": "b759288c-c30a-4449-be63-6e1d1439ba12",
    "data": [
      {
        "text": "Are there any problems if I\u0027m pregnant?",
        "userDefined": false
      }
    ],
    "isTemplate": false,
    "count": 0,
    "updated": 0
  },
  {
    "id": "4b994ace-17a2-4177-9e96-5a908c82c4d2",
    "data": [
      {
        "text": "Can COVID-19 cause problems for a pregnancy?",
        "userDefined": false
      }
    ],
    "isTemplate": false,
    "count": 0,
    "updated": 0
  }
]