[
  {
    "id": "89b40d43-dbd1-434a-bc18-12f6ccc32442",
    "data": [
      {
        "text": "what can I do to help others during this difficult time?",
        "userDefined": false
      }
    ],
    "isTemplate": false,
    "count": 1,
    "updated": 0
  },
  {
    "id": "fc766159-d7ee-4229-9ee4-ea63d5e521f6",
    "data": [
      {
        "text": "How can I be a volunteer in this?",
        "userDefined": false
      }
    ],
    "isTemplate": false,
    "count": 0,
    "updated": 0
  },
  {
    "id": "9fc06a42-3f35-4228-ab44-f8dd0528941a",
    "data": [
      {
        "text": "how can I help community",
        "userDefined": false
      }
    ],
    "isTemplate": false,
    "count": 0,
    "updated": 0
  },
  {
    "id": "604cc72e-4841-408c-8b4b-edc49112efdc",
    "data": [
      {
        "text": "how can I help?",
        "userDefined": false
      }
    ],
    "isTemplate": false,
    "count": 0,
    "updated": 0
  },
  {
    "id": "dfd1bbff-1306-4d18-aa80-1d38e8eb1570",
    "data": [
      {
        "text": "I want to donate money to people in need",
        "userDefined": false
      }
    ],
    "isTemplate": false,
    "count": 0,
    "updated": 0
  },
  {
    "id": "ea992a2e-7cc9-4404-827a-ed7ef92bc379",
    "data": [
      {
        "text": "I want to help other people during this difficult time",
        "userDefined": false
      }
    ],
    "isTemplate": false,
    "count": 0,
    "updated": 0
  },
  {
    "id": "a505fd75-2ff8-4489-be5c-5e48323a7410",
    "data": [
      {
        "text": "how can I help others",
        "userDefined": false
      }
    ],
    "isTemplate": false,
    "count": 0,
    "updated": 0
  },
  {
    "id": "9570a6b0-078d-4d5f-8667-cf8ad77998b9",
    "data": [
      {
        "text": "I want to volunteer",
        "userDefined": false
      }
    ],
    "isTemplate": false,
    "count": 0,
    "updated": 0
  },
  {
    "id": "2ab9a4b7-7ea0-4a3f-8edd-d71f6584a2c7",
    "data": [
      {
        "text": "Can I do anything to help others in need",
        "userDefined": false
      }
    ],
    "isTemplate": false,
    "count": 0,
    "updated": 0
  },
  {
    "id": "4e2109a5-68d5-4b37-b9e7-7797d3eec4b3",
    "data": [
      {
        "text": "How can I help other people in need?",
        "userDefined": false
      }
    ],
    "isTemplate": false,
    "count": 0,
    "updated": 0
  },
  {
    "id": "4f08de90-a1b0-41f7-bf99-a399ccb067d7",
    "data": [
      {
        "text": "How can I help other people?",
        "userDefined": false
      }
    ],
    "isTemplate": false,
    "count": 0,
    "updated": 0
  },
  {
    "id": "5b11ed6d-0068-4c1e-a945-ade5abf9132a",
    "data": [
      {
        "text": "What can I do to help?",
        "userDefined": false
      }
    ],
    "isTemplate": false,
    "count": 0,
    "updated": 0
  }
]