[
  {
    "id": "b4ef6e9b-1598-4c42-90e8-074b1a04bf92",
    "data": [
      {
        "text": "how many infected with ",
        "userDefined": false
      },
      {
        "text": "covid-19",
        "alias": "covid-19",
        "meta": "@covid-19",
        "userDefined": true
      },
      {
        "text": "?",
        "userDefined": false
      }
    ],
    "isTemplate": false,
    "count": 0,
    "updated": 0
  },
  {
    "id": "e5a0d4c4-ed42-4f47-bcc7-bf2010e98d0a",
    "data": [
      {
        "text": "how many infected in ",
        "userDefined": false
      },
      {
        "text": "US",
        "alias": "geo-country",
        "meta": "@sys.geo-country",
        "userDefined": false
      },
      {
        "text": " ?",
        "userDefined": false
      }
    ],
    "isTemplate": false,
    "count": 0,
    "updated": 0
  },
  {
    "id": "0b545c84-6363-4c8f-b64f-26f8707febed",
    "data": [
      {
        "text": "what\u0027s the status in ",
        "userDefined": false
      },
      {
        "text": "Russia",
        "alias": "geo-country",
        "meta": "@sys.geo-country",
        "userDefined": false
      },
      {
        "text": "?",
        "userDefined": false
      }
    ],
    "isTemplate": false,
    "count": 0,
    "updated": 0
  },
  {
    "id": "5a61d943-b379-438a-a7b6-fae2287fd2dd",
    "data": [
      {
        "text": "Harmony incidents have been reported in ",
        "userDefined": false
      },
      {
        "text": "Vatican",
        "alias": "geo-country",
        "meta": "@sys.geo-country",
        "userDefined": false
      },
      {
        "text": " City",
        "userDefined": false
      }
    ],
    "isTemplate": false,
    "count": 0,
    "updated": 0
  },
  {
    "id": "f1ed5d38-262f-4789-bcd3-d7a159f7c4f1",
    "data": [
      {
        "text": "How many happened in ",
        "userDefined": false
      },
      {
        "text": "Vatican",
        "alias": "geo-country",
        "meta": "@sys.geo-country",
        "userDefined": false
      },
      {
        "text": " City?",
        "userDefined": false
      }
    ],
    "isTemplate": false,
    "count": 0,
    "updated": 0
  },
  {
    "id": "b410e398-2ddb-4185-9cc4-6b11b095886a",
    "data": [
      {
        "text": "How many incidents are in reported in ",
        "userDefined": false
      },
      {
        "text": "Vatican",
        "alias": "geo-country",
        "meta": "@sys.geo-country",
        "userDefined": false
      },
      {
        "text": " City?",
        "userDefined": false
      }
    ],
    "isTemplate": false,
    "count": 0,
    "updated": 0
  },
  {
    "id": "3b80778d-685c-41cd-85ec-05501877b697",
    "data": [
      {
        "text": "Which countries have the most of cases?",
        "userDefined": false
      }
    ],
    "isTemplate": false,
    "count": 0,
    "updated": 0
  },
  {
    "id": "31bebb68-d20d-4a47-b0e3-351bac822d4b",
    "data": [
      {
        "text": "Which states have the most ",
        "userDefined": false
      },
      {
        "text": "covid19",
        "alias": "covid-19",
        "meta": "@covid-19",
        "userDefined": false
      },
      {
        "text": " cases?",
        "userDefined": false
      }
    ],
    "isTemplate": false,
    "count": 0,
    "updated": 0
  },
  {
    "id": "e1fa9004-7011-4949-b923-c4af8811376a",
    "data": [
      {
        "text": "How many cases of covid-19 are there?",
        "userDefined": false
      }
    ],
    "isTemplate": false,
    "count": 0,
    "updated": 0
  },
  {
    "id": "7d199714-e833-407a-a05f-58b33070e43a",
    "data": [
      {
        "text": "How many cases in ",
        "userDefined": false
      },
      {
        "text": "the United States",
        "alias": "geo-country",
        "meta": "@sys.geo-country",
        "userDefined": false
      },
      {
        "text": "?",
        "userDefined": false
      }
    ],
    "isTemplate": false,
    "count": 1,
    "updated": 0
  },
  {
    "id": "87a29dd7-1f1b-4b3b-94b1-ce070e634ea6",
    "data": [
      {
        "text": "infected people in ",
        "userDefined": false
      },
      {
        "text": "india",
        "alias": "geo-country",
        "meta": "@sys.geo-country",
        "userDefined": false
      }
    ],
    "isTemplate": false,
    "count": 0,
    "updated": 0
  },
  {
    "id": "8cdea74d-1193-4b13-a0f1-1f129fc8a2e2",
    "data": [
      {
        "text": "How is covid situation in ",
        "userDefined": false
      },
      {
        "text": "Italy",
        "alias": "geo-country",
        "meta": "@sys.geo-country",
        "userDefined": false
      }
    ],
    "isTemplate": false,
    "count": 0,
    "updated": 0
  },
  {
    "id": "a27290c8-92d6-41b7-ab9a-11ec65bc16e1",
    "data": [
      {
        "text": "How many cases of covid-19 or Animal Planet, Georgia?",
        "userDefined": false
      }
    ],
    "isTemplate": false,
    "count": 0,
    "updated": 0
  },
  {
    "id": "c2e465c1-29b3-4dfc-ac80-e9b3cf23172d",
    "data": [
      {
        "text": "How many cases are in Georgia?",
        "userDefined": false
      }
    ],
    "isTemplate": false,
    "count": 0,
    "updated": 0
  },
  {
    "id": "eb2e3006-b6bb-4134-b42e-4aa764c1ff72",
    "data": [
      {
        "text": "How many incidents are there in California?",
        "userDefined": false
      }
    ],
    "isTemplate": false,
    "count": 0,
    "updated": 0
  },
  {
    "id": "1827f574-d6b2-4514-b524-6ebfb70586ab",
    "data": [
      {
        "text": "How many cases of ",
        "userDefined": false
      },
      {
        "text": "coronavirus",
        "alias": "covid-19",
        "meta": "@covid-19",
        "userDefined": false
      },
      {
        "text": " are there in ",
        "userDefined": false
      },
      {
        "text": "Nigeria",
        "alias": "geo-country",
        "meta": "@sys.geo-country",
        "userDefined": false
      },
      {
        "text": "?",
        "userDefined": false
      }
    ],
    "isTemplate": false,
    "count": 0,
    "updated": 0
  },
  {
    "id": "a6a585bd-dc66-4292-bf1d-8652acf99d8b",
    "data": [
      {
        "text": "How many people have called ",
        "userDefined": false
      },
      {
        "text": "Corona",
        "alias": "covid-19",
        "meta": "@covid-19",
        "userDefined": false
      },
      {
        "text": " virus in the ",
        "userDefined": false
      },
      {
        "text": "US",
        "alias": "geo-country",
        "meta": "@sys.geo-country",
        "userDefined": false
      },
      {
        "text": "?",
        "userDefined": false
      }
    ],
    "isTemplate": false,
    "count": 0,
    "updated": 0
  },
  {
    "id": "5fc5433e-f1b0-4d7c-bb6e-699113a1e82f",
    "data": [
      {
        "text": "How many cases are in Massachusetts?",
        "userDefined": false
      }
    ],
    "isTemplate": false,
    "count": 0,
    "updated": 0
  },
  {
    "id": "f5ad2dc8-80ae-4c77-8a59-1b9f9e1db209",
    "data": [
      {
        "text": "What\u0027s the number of cases in the ",
        "userDefined": false
      },
      {
        "text": "US",
        "alias": "geo-country",
        "meta": "@sys.geo-country",
        "userDefined": false
      },
      {
        "text": "?",
        "userDefined": false
      }
    ],
    "isTemplate": false,
    "count": 0,
    "updated": 0
  },
  {
    "id": "dc2716ec-cc83-47ba-898c-25d476e12e99",
    "data": [
      {
        "text": "total number of cases in ",
        "userDefined": false
      },
      {
        "text": "New Zealand",
        "alias": "geo-country",
        "meta": "@sys.geo-country",
        "userDefined": false
      }
    ],
    "isTemplate": false,
    "count": 0,
    "updated": 0
  },
  {
    "id": "44514cc8-594c-4446-a0ca-eb9669a2d9eb",
    "data": [
      {
        "text": "total cases of ",
        "userDefined": false
      },
      {
        "text": "coronavirus",
        "alias": "covid-19",
        "meta": "@covid-19",
        "userDefined": false
      },
      {
        "text": " in ",
        "userDefined": false
      },
      {
        "text": "india",
        "alias": "geo-country",
        "meta": "@sys.geo-country",
        "userDefined": false
      }
    ],
    "isTemplate": false,
    "count": 0,
    "updated": 0
  },
  {
    "id": "d45b9463-2163-407b-a425-20a8022e9c44",
    "data": [
      {
        "text": "how many cases are open in ",
        "userDefined": false
      },
      {
        "text": "south africa",
        "alias": "geo-country",
        "meta": "@sys.geo-country",
        "userDefined": false
      }
    ],
    "isTemplate": false,
    "count": 0,
    "updated": 0
  },
  {
    "id": "0f77c6af-c89c-4a31-8235-9bdcddf1f5c7",
    "data": [
      {
        "text": "how many cases are open in ",
        "userDefined": false
      },
      {
        "text": "india",
        "alias": "geo-country",
        "meta": "@sys.geo-country",
        "userDefined": false
      }
    ],
    "isTemplate": false,
    "count": 0,
    "updated": 0
  },
  {
    "id": "e2594328-5149-4d69-862a-467658a3210e",
    "data": [
      {
        "text": "how many cases in ",
        "userDefined": false
      },
      {
        "text": "south africa",
        "alias": "geo-country",
        "meta": "@sys.geo-country",
        "userDefined": false
      }
    ],
    "isTemplate": false,
    "count": 0,
    "updated": 0
  },
  {
    "id": "5f0468a6-7ebf-4e9f-b8da-23015169114d",
    "data": [
      {
        "text": "total cases in ",
        "userDefined": false
      },
      {
        "text": "india",
        "alias": "geo-country",
        "meta": "@sys.geo-country",
        "userDefined": false
      }
    ],
    "isTemplate": false,
    "count": 0,
    "updated": 0
  },
  {
    "id": "d82ff492-7626-4e0e-a4ea-6ac55b6a99bd",
    "data": [
      {
        "text": "total cases in ",
        "userDefined": false
      },
      {
        "text": "Jamaica",
        "alias": "geo-country",
        "meta": "@sys.geo-country",
        "userDefined": false
      }
    ],
    "isTemplate": false,
    "count": 0,
    "updated": 0
  },
  {
    "id": "a8899d60-e892-4b3f-a392-b20976cfbc11",
    "data": [
      {
        "text": "total cases in princeton",
        "userDefined": false
      }
    ],
    "isTemplate": false,
    "count": 0,
    "updated": 0
  },
  {
    "id": "40b5c8a7-8538-4a03-800f-60612e787a95",
    "data": [
      {
        "text": "total cases in ",
        "userDefined": false
      },
      {
        "text": "italy",
        "alias": "geo-country",
        "meta": "@sys.geo-country",
        "userDefined": false
      }
    ],
    "isTemplate": false,
    "count": 0,
    "updated": 0
  },
  {
    "id": "5e603c05-d985-46c9-b0d0-ff47981d4771",
    "data": [
      {
        "text": "total cases",
        "userDefined": false
      }
    ],
    "isTemplate": false,
    "count": 0,
    "updated": 0
  },
  {
    "id": "78a0915b-c330-47d8-9a89-2cc90f4156ed",
    "data": [
      {
        "text": "total cases in ",
        "userDefined": false
      },
      {
        "text": "US",
        "alias": "geo-country",
        "meta": "@sys.geo-country",
        "userDefined": false
      }
    ],
    "isTemplate": false,
    "count": 0,
    "updated": 0
  },
  {
    "id": "56faf30c-a9bb-4fc8-8f92-dcfbfee3166c",
    "data": [
      {
        "text": "How many incidents have been recorded?",
        "userDefined": false
      }
    ],
    "isTemplate": false,
    "count": 0,
    "updated": 0
  },
  {
    "id": "2ac04140-50b2-46a7-9673-65b1114143e6",
    "data": [
      {
        "text": "How many incidents have been reported to?",
        "userDefined": false
      }
    ],
    "isTemplate": false,
    "count": 0,
    "updated": 0
  },
  {
    "id": "f7336152-b437-44a1-8a54-f45e94b2bbea",
    "data": [
      {
        "text": "How many incidents have been reported in ",
        "userDefined": false
      },
      {
        "text": "Canada",
        "alias": "geo-country",
        "meta": "@sys.geo-country",
        "userDefined": false
      },
      {
        "text": "?",
        "userDefined": false
      }
    ],
    "isTemplate": false,
    "count": 0,
    "updated": 0
  },
  {
    "id": "d95e810c-7017-4a53-9d03-0af3095e9b0d",
    "data": [
      {
        "text": "How many cases have been reported in the ",
        "userDefined": false
      },
      {
        "text": "Vatican",
        "alias": "geo-country",
        "meta": "@sys.geo-country",
        "userDefined": false
      },
      {
        "text": " City?",
        "userDefined": false
      }
    ],
    "isTemplate": false,
    "count": 0,
    "updated": 0
  },
  {
    "id": "81d161a1-ed08-4326-99be-2ec51c526427",
    "data": [
      {
        "text": "infection rate",
        "userDefined": false
      }
    ],
    "isTemplate": false,
    "count": 0,
    "updated": 0
  },
  {
    "id": "16b56dc0-e655-48d5-a202-c5ad8012fa2f",
    "data": [
      {
        "text": "Is there ",
        "userDefined": false
      },
      {
        "text": "wuhan virus",
        "alias": "covid-19",
        "meta": "@covid-19",
        "userDefined": false
      },
      {
        "text": " in my neighborhood?",
        "userDefined": false
      }
    ],
    "isTemplate": false,
    "count": 0,
    "updated": 0
  },
  {
    "id": "20b652bb-3b5d-4a04-8f87-0979cdba4754",
    "data": [
      {
        "text": "how many people are infected?",
        "userDefined": false
      }
    ],
    "isTemplate": false,
    "count": 1,
    "updated": 0
  },
  {
    "id": "8bf29a28-56f7-4b2f-b971-f9c77e340706",
    "data": [
      {
        "text": "how many cases are there globally",
        "userDefined": false
      }
    ],
    "isTemplate": false,
    "count": 0,
    "updated": 0
  },
  {
    "id": "1d88ca00-6249-4a66-b92f-af7e76abc773",
    "data": [
      {
        "text": "how many people of affected in ",
        "userDefined": false
      },
      {
        "text": "US",
        "alias": "geo-country",
        "meta": "@sys.geo-country",
        "userDefined": false
      },
      {
        "text": " ?",
        "userDefined": false
      }
    ],
    "isTemplate": false,
    "count": 0,
    "updated": 0
  },
  {
    "id": "2b5578e9-2f47-4805-802c-484e14853fa5",
    "data": [
      {
        "text": "how many people are affected in ",
        "userDefined": false
      },
      {
        "text": "India",
        "alias": "geo-country",
        "meta": "@sys.geo-country",
        "userDefined": false
      },
      {
        "text": " ?",
        "userDefined": false
      }
    ],
    "isTemplate": false,
    "count": 0,
    "updated": 0
  },
  {
    "id": "0a508cca-afcb-42b7-a754-fbc13f282a1e",
    "data": [
      {
        "text": "What is the status in the state of vermont",
        "userDefined": false
      }
    ],
    "isTemplate": false,
    "count": 0,
    "updated": 0
  },
  {
    "id": "d2e917f3-1128-4b9f-99c9-b09bdc69a57f",
    "data": [
      {
        "text": "how many incidents have been reported in ",
        "userDefined": false
      },
      {
        "text": "Japan",
        "alias": "geo-country",
        "meta": "@sys.geo-country",
        "userDefined": false
      }
    ],
    "isTemplate": false,
    "count": 0,
    "updated": 0
  },
  {
    "id": "f802a720-992d-47ac-99d4-706abde0fabb",
    "data": [
      {
        "text": "how many cases are there in marin",
        "userDefined": false
      }
    ],
    "isTemplate": false,
    "count": 0,
    "updated": 0
  },
  {
    "id": "56aafe6c-9587-4516-812d-61bbe24df89d",
    "data": [
      {
        "text": "how many cases in Austin",
        "userDefined": false
      }
    ],
    "isTemplate": false,
    "count": 0,
    "updated": 0
  },
  {
    "id": "18b6e014-3a91-42b0-b215-625c6a0cd750",
    "data": [
      {
        "text": "where is the biggest outbreak",
        "userDefined": false
      }
    ],
    "isTemplate": false,
    "count": 0,
    "updated": 0
  },
  {
    "id": "f619727e-bdcd-4a97-bc71-22b62b4c5394",
    "data": [
      {
        "text": "how many cases of covid are there",
        "userDefined": false
      }
    ],
    "isTemplate": false,
    "count": 0,
    "updated": 0
  },
  {
    "id": "3cdcdc18-dbfc-4c73-96da-4f0c57a96f0a",
    "data": [
      {
        "text": "what is the infection in my state",
        "userDefined": false
      }
    ],
    "isTemplate": false,
    "count": 0,
    "updated": 0
  },
  {
    "id": "c19e3e03-2bac-4e0a-a812-96334a112058",
    "data": [
      {
        "text": "How many cases are there?",
        "userDefined": false
      }
    ],
    "isTemplate": false,
    "count": 1,
    "updated": 0
  },
  {
    "id": "5f8530e9-7a1d-4bb5-8499-146372db8cf1",
    "data": [
      {
        "text": "how many people are infected in maryland?",
        "userDefined": false
      }
    ],
    "isTemplate": false,
    "count": 0,
    "updated": 0
  },
  {
    "id": "60cb1951-ba32-43c6-8967-1189362d9dbb",
    "data": [
      {
        "text": "How many cases did California have?",
        "userDefined": false
      }
    ],
    "isTemplate": false,
    "count": 0,
    "updated": 0
  },
  {
    "id": "50e31ff6-300c-40f1-a63e-ceedf6dacbc8",
    "data": [
      {
        "text": "How many cases are open in the ",
        "userDefined": false
      },
      {
        "text": "United States",
        "alias": "geo-country",
        "meta": "@sys.geo-country",
        "userDefined": false
      },
      {
        "text": "?",
        "userDefined": false
      }
    ],
    "isTemplate": false,
    "count": 0,
    "updated": 0
  },
  {
    "id": "59a074f7-ee5d-46c0-ad1c-e48fd4f760be",
    "data": [
      {
        "text": "how many known cases in georgia",
        "userDefined": false
      }
    ],
    "isTemplate": false,
    "count": 0,
    "updated": 0
  },
  {
    "id": "decdd14b-0f41-46ca-821b-e16113b5b093",
    "data": [
      {
        "text": "Is ",
        "userDefined": false
      },
      {
        "text": "coronavirus",
        "alias": "covid-19",
        "meta": "@covid-19",
        "userDefined": false
      },
      {
        "text": " spreading in ",
        "userDefined": false
      },
      {
        "text": "California",
        "alias": "geo-state",
        "meta": "@sys.geo-state",
        "userDefined": false
      },
      {
        "text": "?",
        "userDefined": false
      }
    ],
    "isTemplate": false,
    "count": 1,
    "updated": 0
  },
  {
    "id": "42aa357b-fb9e-49bf-a6ad-f5870bf4eb1e",
    "data": [
      {
        "text": "Where is the outbreak the worst?",
        "userDefined": false
      }
    ],
    "isTemplate": false,
    "count": 0,
    "updated": 0
  },
  {
    "id": "decfebbc-ba7a-494d-828f-622fffcbbe2c",
    "data": [
      {
        "text": "What are the latest statistics for ",
        "userDefined": false
      },
      {
        "text": "Singapore",
        "alias": "geo-country",
        "meta": "@sys.geo-country",
        "userDefined": false
      },
      {
        "text": "?",
        "userDefined": false
      }
    ],
    "isTemplate": false,
    "count": 0,
    "updated": 0
  },
  {
    "id": "29f02203-1cb1-41e9-b362-c1f05c9f8aad",
    "data": [
      {
        "text": "how many people in the state of new york have the virus?",
        "userDefined": false
      }
    ],
    "isTemplate": false,
    "count": 0,
    "updated": 0
  },
  {
    "id": "0368a249-0fe1-4a18-8d95-851f8a87cfee",
    "data": [
      {
        "text": "statistics",
        "userDefined": false
      }
    ],
    "isTemplate": false,
    "count": 0,
    "updated": 0
  },
  {
    "id": "162ce524-970d-439c-93ad-6ac50e047059",
    "data": [
      {
        "text": "How many cases are in ",
        "userDefined": false
      },
      {
        "text": "singapore",
        "alias": "geo-country",
        "meta": "@sys.geo-country",
        "userDefined": false
      },
      {
        "text": "?",
        "userDefined": false
      }
    ],
    "isTemplate": false,
    "count": 0,
    "updated": 0
  },
  {
    "id": "69afaefc-b8df-49c6-896f-55db0d4a4118",
    "data": [
      {
        "text": "Which area has the highest covid",
        "userDefined": false
      }
    ],
    "isTemplate": false,
    "count": 0,
    "updated": 0
  },
  {
    "id": "75057c86-67f7-4784-9db4-90cd7db1d739",
    "data": [
      {
        "text": "Which area has covid",
        "userDefined": false
      },
      {
        "text": "19",
        "alias": "number",
        "meta": "@sys.number",
        "userDefined": false
      },
      {
        "text": " infection?",
        "userDefined": false
      }
    ],
    "isTemplate": false,
    "count": 0,
    "updated": 0
  },
  {
    "id": "4d66a509-e426-47a4-ac87-5d30243f0170",
    "data": [
      {
        "text": "How many people are infected?",
        "userDefined": false
      }
    ],
    "isTemplate": false,
    "count": 0,
    "updated": 0
  },
  {
    "id": "361c99dc-c5f4-4d49-97ca-0caa6a79456d",
    "data": [
      {
        "text": "how many new cases today",
        "userDefined": false
      }
    ],
    "isTemplate": false,
    "count": 0,
    "updated": 0
  },
  {
    "id": "f09f11fa-5f39-4ed6-9032-5114c4e1e70e",
    "data": [
      {
        "text": "singapore",
        "alias": "geo-country",
        "meta": "@sys.geo-country",
        "userDefined": false
      },
      {
        "text": " cases",
        "userDefined": false
      }
    ],
    "isTemplate": false,
    "count": 0,
    "updated": 0
  },
  {
    "id": "ba1484ae-8072-4f16-aa70-9a8cee6ff191",
    "data": [
      {
        "text": "Latest cases in ",
        "userDefined": false
      },
      {
        "text": "china",
        "alias": "geo-country",
        "meta": "@sys.geo-country",
        "userDefined": false
      }
    ],
    "isTemplate": false,
    "count": 0,
    "updated": 0
  },
  {
    "id": "dd1747cc-9662-4ded-9de6-16bd32640cef",
    "data": [
      {
        "text": "Cases reported in last 6 hours",
        "userDefined": false
      }
    ],
    "isTemplate": false,
    "count": 0,
    "updated": 0
  },
  {
    "id": "d357e5a5-35dd-45b1-b250-2d2cd5406662",
    "data": [
      {
        "text": "Cases reported in last 24 hours",
        "userDefined": false
      }
    ],
    "isTemplate": false,
    "count": 0,
    "updated": 0
  },
  {
    "id": "00f97fcf-0c9f-48f8-a940-14d5aae70f5e",
    "data": [
      {
        "text": "which are the states with highest cases reported",
        "userDefined": false
      }
    ],
    "isTemplate": false,
    "count": 0,
    "updated": 0
  },
  {
    "id": "3457e2e2-29be-4b32-a665-8cc2703a8eeb",
    "data": [
      {
        "text": "what is the total number of cases in ",
        "userDefined": false
      },
      {
        "text": "US",
        "alias": "geo-country",
        "meta": "@sys.geo-country",
        "userDefined": false
      }
    ],
    "isTemplate": false,
    "count": 0,
    "updated": 0
  },
  {
    "id": "6c3acc9c-6712-43af-8455-c6af2b0179c5",
    "data": [
      {
        "text": "Is ",
        "userDefined": false
      },
      {
        "text": "coronavirus",
        "alias": "covid-19",
        "meta": "@covid-19",
        "userDefined": false
      },
      {
        "text": " spreading in ",
        "userDefined": false
      },
      {
        "text": "California",
        "alias": "geo-state",
        "meta": "@sys.geo-state",
        "userDefined": false
      }
    ],
    "isTemplate": false,
    "count": 0,
    "updated": 0
  },
  {
    "id": "84abe5af-7741-41e3-a986-787bb8936414",
    "data": [
      {
        "text": "How many people has been effective in my area?",
        "userDefined": false
      }
    ],
    "isTemplate": false,
    "count": 0,
    "updated": 0
  },
  {
    "id": "1dc8f0d0-3f2b-457f-80d6-8f84990bc166",
    "data": [
      {
        "text": "How many people have been infected in my area?",
        "userDefined": false
      }
    ],
    "isTemplate": false,
    "count": 0,
    "updated": 0
  },
  {
    "id": "41f6914b-4450-4ac5-a695-9f6cb4e7cd39",
    "data": [
      {
        "text": "What\u0027s the estimated number of people infected with the covid-19?",
        "userDefined": false
      }
    ],
    "isTemplate": false,
    "count": 0,
    "updated": 0
  },
  {
    "id": "241cf44f-2fc4-4824-8e4c-f4b9ae19b4c9",
    "data": [
      {
        "text": "how many people in Indiana have been confirmed?",
        "userDefined": false
      }
    ],
    "isTemplate": false,
    "count": 0,
    "updated": 0
  },
  {
    "id": "b0a158f4-e0b1-48d9-920f-7812aff0fce8",
    "data": [
      {
        "text": "how many cases in indiana have been confirmed?",
        "userDefined": false
      }
    ],
    "isTemplate": false,
    "count": 0,
    "updated": 0
  },
  {
    "id": "82d5bbbb-8236-4901-9465-e1a478a7b4c9",
    "data": [
      {
        "text": "How many confirmed cases have been found in ",
        "userDefined": false
      },
      {
        "text": "Canada",
        "alias": "geo-country",
        "meta": "@sys.geo-country",
        "userDefined": false
      },
      {
        "text": "?",
        "userDefined": false
      }
    ],
    "isTemplate": false,
    "count": 1,
    "updated": 0
  },
  {
    "id": "0dcd17ef-ce45-4389-9c2c-d560e803c464",
    "data": [
      {
        "text": "what\u0027s the current number of cases in california",
        "userDefined": false
      }
    ],
    "isTemplate": false,
    "count": 0,
    "updated": 0
  },
  {
    "id": "49f30965-7598-4a8c-8525-fbc822cc6ba9",
    "data": [
      {
        "text": "How many people in the ",
        "userDefined": false
      },
      {
        "text": "United States",
        "alias": "geo-country",
        "meta": "@sys.geo-country",
        "userDefined": false
      },
      {
        "text": " a tested positive for covid-19?",
        "userDefined": false
      }
    ],
    "isTemplate": false,
    "count": 0,
    "updated": 0
  },
  {
    "id": "cdcfd8b7-e436-43c9-9391-7f9fd254d9f1",
    "data": [
      {
        "text": "How many people have covid-19?",
        "userDefined": false
      }
    ],
    "isTemplate": false,
    "count": 0,
    "updated": 0
  },
  {
    "id": "f1e6621a-9dc3-455d-872e-96561c018e4d",
    "data": [
      {
        "text": "How many people are effective ",
        "userDefined": false
      },
      {
        "text": "today",
        "alias": "date-time",
        "meta": "@sys.date-time",
        "userDefined": false
      },
      {
        "text": "?",
        "userDefined": false
      }
    ],
    "isTemplate": false,
    "count": 0,
    "updated": 0
  },
  {
    "id": "da6bf8e5-de3f-4461-847b-bf715037bc59",
    "data": [
      {
        "text": "How many people are affected by the ",
        "userDefined": false
      },
      {
        "text": "Coronavirus",
        "alias": "covid-19",
        "meta": "@covid-19",
        "userDefined": false
      },
      {
        "text": "?",
        "userDefined": false
      }
    ],
    "isTemplate": false,
    "count": 0,
    "updated": 0
  },
  {
    "id": "bb6d2436-1c51-4bce-9156-00a370a52c3f",
    "data": [
      {
        "text": "How many people have caught the ",
        "userDefined": false
      },
      {
        "text": "Coronavirus",
        "alias": "covid-19",
        "meta": "@covid-19",
        "userDefined": false
      },
      {
        "text": "?",
        "userDefined": false
      }
    ],
    "isTemplate": false,
    "count": 0,
    "updated": 0
  },
  {
    "id": "d4cce1bc-4e8e-462f-92e3-f215b787aced",
    "data": [
      {
        "text": "How many cases are there in ",
        "userDefined": false
      },
      {
        "text": "San Francisco",
        "alias": "geo-city",
        "userDefined": false
      },
      {
        "text": "?",
        "userDefined": false
      }
    ],
    "isTemplate": false,
    "count": 0,
    "updated": 0
  },
  {
    "id": "eb67bb5d-3a87-4505-8d22-04568582bd49",
    "data": [
      {
        "text": "How many cases are in Michigan?",
        "userDefined": false
      }
    ],
    "isTemplate": false,
    "count": 0,
    "updated": 0
  },
  {
    "id": "363cd6e1-8bc0-4005-8931-762167d877ef",
    "data": [
      {
        "text": "Positive cases I\u0027m ",
        "userDefined": false
      },
      {
        "text": "US",
        "alias": "geo-country",
        "meta": "@sys.geo-country",
        "userDefined": false
      },
      {
        "text": " today",
        "userDefined": false
      }
    ],
    "isTemplate": false,
    "count": 0,
    "updated": 0
  },
  {
    "id": "84cf15a3-2d13-4164-a93e-96c16b8014ef",
    "data": [
      {
        "text": "How many people infected in ",
        "userDefined": false
      },
      {
        "text": "Seattle",
        "alias": "geo-city",
        "meta": "@sys.geo-city",
        "userDefined": false
      },
      {
        "text": "?",
        "userDefined": false
      }
    ],
    "isTemplate": false,
    "count": 0,
    "updated": 0
  },
  {
    "id": "7c649d9c-5247-4f9e-a5cd-90ff9dda7f5f",
    "data": [
      {
        "text": "How many confirmed cases in ",
        "userDefined": false
      },
      {
        "text": "Seattle",
        "alias": "geo-city",
        "meta": "@sys.geo-city",
        "userDefined": false
      },
      {
        "text": "?",
        "userDefined": false
      }
    ],
    "isTemplate": false,
    "count": 0,
    "updated": 0
  },
  {
    "id": "6fb79ba3-3067-4af2-baee-3d59eeb1030e",
    "data": [
      {
        "text": "How many cases are there in Texas?",
        "userDefined": false
      }
    ],
    "isTemplate": false,
    "count": 0,
    "updated": 0
  },
  {
    "id": "45de8b59-7b64-401e-8f9f-4ce971715e97",
    "data": [
      {
        "text": "How many ",
        "userDefined": false
      },
      {
        "text": "Americans",
        "alias": "geo-country",
        "meta": "@sys.geo-country",
        "userDefined": false
      },
      {
        "text": " are infected?",
        "userDefined": false
      }
    ],
    "isTemplate": false,
    "count": 0,
    "updated": 0
  },
  {
    "id": "1e34e6eb-1877-45a4-99bf-fd4388792686",
    "data": [
      {
        "text": "how many confirmed cases in the ",
        "userDefined": false
      },
      {
        "text": "US",
        "alias": "geo-country",
        "meta": "@sys.geo-country",
        "userDefined": false
      },
      {
        "text": "?",
        "userDefined": false
      }
    ],
    "isTemplate": false,
    "count": 0,
    "updated": 0
  },
  {
    "id": "50f19ff8-e676-4d44-a005-3f007dcd8ba4",
    "data": [
      {
        "text": "How many rivets of cases do to do we see?",
        "userDefined": false
      }
    ],
    "isTemplate": false,
    "count": 1,
    "updated": 0
  },
  {
    "id": "0f4a7a3d-402f-492f-aaab-95ffc4ac3901",
    "data": [
      {
        "text": "Can you give me the latest numbers?",
        "userDefined": false
      }
    ],
    "isTemplate": false,
    "count": 0,
    "updated": 0
  },
  {
    "id": "7705d646-ff28-4c70-b001-aa841ae0a044",
    "data": [
      {
        "text": "What is the number of ",
        "userDefined": false
      },
      {
        "text": "coronavirus",
        "alias": "covid-19",
        "meta": "@covid-19",
        "userDefined": false
      },
      {
        "text": " cases in Alameda?",
        "userDefined": false
      }
    ],
    "isTemplate": false,
    "count": 0,
    "updated": 0
  },
  {
    "id": "88387f0f-bb2b-444a-86ba-105b968d3a4e",
    "data": [
      {
        "text": "Just how many people are infected with ",
        "userDefined": false
      },
      {
        "text": "Coronavirus",
        "alias": "covid-19",
        "meta": "@covid-19",
        "userDefined": false
      },
      {
        "text": "?",
        "userDefined": false
      }
    ],
    "isTemplate": false,
    "count": 0,
    "updated": 0
  },
  {
    "id": "69bb8166-058b-46db-bd0b-2eaa7c9af4c7",
    "data": [
      {
        "text": "what\u0027s the number of confirmed cases in ",
        "userDefined": false
      },
      {
        "text": "Canada",
        "alias": "geo-country",
        "meta": "@sys.geo-country",
        "userDefined": false
      },
      {
        "text": "?",
        "userDefined": false
      }
    ],
    "isTemplate": false,
    "count": 0,
    "updated": 0
  },
  {
    "id": "d579ba72-00ae-4629-820c-bc72b3fb6c5e",
    "data": [
      {
        "text": "how many cases of ",
        "userDefined": false
      },
      {
        "text": "coronavirus",
        "alias": "covid-19",
        "meta": "@covid-19",
        "userDefined": false
      },
      {
        "text": " in the ",
        "userDefined": false
      },
      {
        "text": "US",
        "alias": "geo-country",
        "meta": "@sys.geo-country",
        "userDefined": false
      },
      {
        "text": "?",
        "userDefined": false
      }
    ],
    "isTemplate": false,
    "count": 0,
    "updated": 0
  },
  {
    "id": "3768ea83-1246-45e7-b5ba-35f5076b0b37",
    "data": [
      {
        "text": "what\u0027s the total number of people who has ",
        "userDefined": false
      },
      {
        "text": "coronavirus",
        "alias": "covid-19",
        "meta": "@covid-19",
        "userDefined": false
      },
      {
        "text": "?",
        "userDefined": false
      }
    ],
    "isTemplate": false,
    "count": 0,
    "updated": 0
  },
  {
    "id": "5ef8fe50-f207-4353-ad4e-540803daf34a",
    "data": [
      {
        "text": "number of cases of ",
        "userDefined": false
      },
      {
        "text": "coronavirus",
        "alias": "covid-19",
        "meta": "@covid-19",
        "userDefined": false
      },
      {
        "text": " diagnosed",
        "userDefined": false
      }
    ],
    "isTemplate": false,
    "count": 0,
    "updated": 0
  },
  {
    "id": "282f2eaa-27c3-4dc8-a58f-8a2b5747ae83",
    "data": [
      {
        "text": "How many cases are there in my area?",
        "userDefined": false
      }
    ],
    "isTemplate": false,
    "count": 0,
    "updated": 0
  },
  {
    "id": "a2dbb050-20b2-4a53-9b1c-75f2ff368219",
    "data": [
      {
        "text": "number of people who caught the disease",
        "userDefined": false
      }
    ],
    "isTemplate": false,
    "count": 0,
    "updated": 0
  },
  {
    "id": "53fa3dfe-1b54-45c5-bc93-3f8f0a441e6d",
    "data": [
      {
        "text": "total number of confirmed cases",
        "userDefined": false
      }
    ],
    "isTemplate": false,
    "count": 0,
    "updated": 0
  },
  {
    "id": "f1a75722-7683-430a-816a-999993ff4a42",
    "data": [
      {
        "text": "just how many people are infected with ",
        "userDefined": false
      },
      {
        "text": "coronavirus",
        "alias": "covid-19",
        "meta": "@covid-19",
        "userDefined": false
      },
      {
        "text": "?",
        "userDefined": false
      }
    ],
    "isTemplate": false,
    "count": 0,
    "updated": 0
  },
  {
    "id": "f5c806cc-50e4-40c7-8bd6-13cff437f14c",
    "data": [
      {
        "text": "How many people have caught ",
        "userDefined": false
      },
      {
        "text": "coronavirus",
        "alias": "covid-19",
        "meta": "@covid-19",
        "userDefined": false
      },
      {
        "text": "?",
        "userDefined": false
      }
    ],
    "isTemplate": false,
    "count": 0,
    "updated": 0
  }
]