[
  {
    "id": "8f54a62c-6cba-4471-9280-25ba41ba15da",
    "data": [
      {
        "text": "Do I need to stay at home?",
        "userDefined": false
      }
    ],
    "isTemplate": false,
    "count": 0,
    "updated": 0
  },
  {
    "id": "5b6ac5d0-4903-427c-bd43-b4eca38c0200",
    "data": [
      {
        "text": "Should I work from home?",
        "userDefined": false
      }
    ],
    "isTemplate": false,
    "count": 0,
    "updated": 0
  },
  {
    "id": "fb9ad8f9-d891-46d7-8d32-d307c19f57b7",
    "data": [
      {
        "text": "How long do I have to stay isolated?",
        "userDefined": false
      }
    ],
    "isTemplate": false,
    "count": 0,
    "updated": 0
  },
  {
    "id": "f6d43557-d373-46f0-98af-301870633e56",
    "data": [
      {
        "text": "how long do I need to stay at home",
        "userDefined": false
      }
    ],
    "isTemplate": false,
    "count": 0,
    "updated": 0
  },
  {
    "id": "c06df366-2ec9-400a-9e31-6a9d09cc594d",
    "data": [
      {
        "text": "how long should I stay at home",
        "userDefined": false
      }
    ],
    "isTemplate": false,
    "count": 0,
    "updated": 0
  },
  {
    "id": "ec754948-377a-413a-bdf1-d2ddb44f81c1",
    "data": [
      {
        "text": "What is shelter in place?",
        "userDefined": false
      }
    ],
    "isTemplate": false,
    "count": 0,
    "updated": 0
  },
  {
    "id": "87171029-d3c2-4bfc-bcf7-3eb244b57232",
    "data": [
      {
        "text": "when should I stay at home",
        "userDefined": false
      }
    ],
    "isTemplate": false,
    "count": 0,
    "updated": 0
  },
  {
    "id": "a77d8efd-aa94-4809-b9f2-25c5efdcd239",
    "data": [
      {
        "text": "f I get sick how long to I need to be incubated",
        "userDefined": false
      }
    ],
    "isTemplate": false,
    "count": 0,
    "updated": 0
  },
  {
    "id": "81bb1f34-1704-498f-85e8-2b7f1bbdf452",
    "data": [
      {
        "text": "Are we required to stay in place?",
        "userDefined": false
      }
    ],
    "isTemplate": false,
    "count": 0,
    "updated": 0
  },
  {
    "id": "af1d5530-bfb4-4c92-ae2b-218e628719c2",
    "data": [
      {
        "text": "should I stay home or go outside",
        "userDefined": false
      }
    ],
    "isTemplate": false,
    "count": 1,
    "updated": 0
  },
  {
    "id": "ba1618b1-8812-4a26-848d-48db5e87ea28",
    "data": [
      {
        "text": "where are we required to shelter in place\"",
        "userDefined": false
      }
    ],
    "isTemplate": false,
    "count": 0,
    "updated": 0
  },
  {
    "id": "a153d374-2cac-426b-8d5f-ab5dbf32218c",
    "data": [
      {
        "text": "what is shelter in place?",
        "userDefined": false
      }
    ],
    "isTemplate": false,
    "count": 0,
    "updated": 0
  },
  {
    "id": "11cc8000-1478-4df5-8f8f-38979ea84ad4",
    "data": [
      {
        "text": "how long will this quarantine last for?",
        "userDefined": false
      }
    ],
    "isTemplate": false,
    "count": 0,
    "updated": 0
  },
  {
    "id": "7e563c04-b78a-42fa-98e3-c83871eabf43",
    "data": [
      {
        "text": "where are we required to shelter in place",
        "userDefined": false
      }
    ],
    "isTemplate": false,
    "count": 0,
    "updated": 0
  },
  {
    "id": "c0563f2a-41f7-4f2d-ae8e-fff17b5a2a3e",
    "data": [
      {
        "text": "why are we required to have shelter in place?",
        "userDefined": false
      }
    ],
    "isTemplate": false,
    "count": 0,
    "updated": 0
  },
  {
    "id": "fbb1c480-a6f9-431f-bc65-6495da648d16",
    "data": [
      {
        "text": "how long do i need to sit in quarantaine?",
        "userDefined": false
      }
    ],
    "isTemplate": false,
    "count": 0,
    "updated": 0
  },
  {
    "id": "90790b87-5c30-4ee0-8f87-2900bdb45017",
    "data": [
      {
        "text": "How long do I need to stay away from other people",
        "userDefined": false
      }
    ],
    "isTemplate": false,
    "count": 0,
    "updated": 0
  },
  {
    "id": "f46c0ab8-2ff2-4c92-a165-960b595fe0c8",
    "data": [
      {
        "text": "can I go outside if I\u0027m infected?",
        "userDefined": false
      }
    ],
    "isTemplate": false,
    "count": 0,
    "updated": 0
  },
  {
    "id": "ab0489b2-0c25-457b-8ff0-d76821948778",
    "data": [
      {
        "text": "Can I leave my house?",
        "userDefined": false
      }
    ],
    "isTemplate": false,
    "count": 1,
    "updated": 0
  },
  {
    "id": "f8d8d0af-6e06-4432-b9ac-0e009cbe85e6",
    "data": [
      {
        "text": "Who should stay shelter in place?",
        "userDefined": false
      }
    ],
    "isTemplate": false,
    "count": 0,
    "updated": 0
  },
  {
    "id": "79d12f7c-3386-4f67-9759-5f2d859755f6",
    "data": [
      {
        "text": "how many days should someone with symptoms stay inside",
        "userDefined": false
      }
    ],
    "isTemplate": false,
    "count": 1,
    "updated": 0
  },
  {
    "id": "b5f819b1-29ba-4a71-b8a8-0896cc57486c",
    "data": [
      {
        "text": "if I get sick how long to I need to be incubated",
        "userDefined": false
      }
    ],
    "isTemplate": false,
    "count": 0,
    "updated": 0
  },
  {
    "id": "d54fdb56-9e0f-46aa-bcd7-153da154edad",
    "data": [
      {
        "text": "how long to I need to stay at home",
        "userDefined": false
      }
    ],
    "isTemplate": false,
    "count": 0,
    "updated": 0
  },
  {
    "id": "85039d45-47e0-4bbf-ba06-f9b79487e865",
    "data": [
      {
        "text": "do I need to quarantine myself if I am sick",
        "userDefined": false
      }
    ],
    "isTemplate": false,
    "count": 0,
    "updated": 0
  },
  {
    "id": "a1360022-c863-4c56-8ba0-1944d603131b",
    "data": [
      {
        "text": "How long do I quarantine?",
        "userDefined": false
      }
    ],
    "isTemplate": false,
    "count": 0,
    "updated": 0
  },
  {
    "id": "7f1a8b64-18a6-4dcc-bd81-74ce49681754",
    "data": [
      {
        "text": "How long do I need to stay away from other people?",
        "userDefined": false
      }
    ],
    "isTemplate": false,
    "count": 0,
    "updated": 0
  },
  {
    "id": "454aef1c-c1c5-41ec-af2b-b1b4c7b3d853",
    "data": [
      {
        "text": "Do I have to self quarantine? It\u0027s time I fly.",
        "userDefined": false
      }
    ],
    "isTemplate": false,
    "count": 0,
    "updated": 0
  },
  {
    "id": "d9f7cb2c-9470-4e81-8e17-ea6a9fdc88cf",
    "data": [
      {
        "text": "How long should I stay quarantined?",
        "userDefined": false
      }
    ],
    "isTemplate": false,
    "count": 1,
    "updated": 0
  },
  {
    "id": "3114bc5c-5ca7-4276-9ad6-89c40c106fe7",
    "data": [
      {
        "text": "Should I quarantine myself?",
        "userDefined": false
      }
    ],
    "isTemplate": false,
    "count": 1,
    "updated": 0
  },
  {
    "id": "fd0920e3-bc9e-4592-98b7-c71922d99a45",
    "data": [
      {
        "text": "should I stay at home?",
        "userDefined": false
      }
    ],
    "isTemplate": false,
    "count": 0,
    "updated": 0
  }
]