[
  {
    "id": "88ff2691-e182-408a-b8d1-bdd61bdff4b3",
    "data": [
      {
        "text": "How dangerous is ",
        "userDefined": false
      },
      {
        "text": "Covid",
        "alias": "covid-19",
        "meta": "@covid-19",
        "userDefined": false
      }
    ],
    "isTemplate": false,
    "count": 0,
    "updated": 0
  },
  {
    "id": "17daf072-f361-4866-8802-e44781d24dcd",
    "data": [
      {
        "text": "Who is most at risk?",
        "userDefined": false
      }
    ],
    "isTemplate": false,
    "count": 0,
    "updated": 0
  },
  {
    "id": "1526f399-c0e1-4668-8dee-7876bfa6e5d0",
    "data": [
      {
        "text": "Who is most at risk for ",
        "userDefined": false
      },
      {
        "text": "coronavirus",
        "alias": "covid-19",
        "meta": "@covid-19",
        "userDefined": false
      },
      {
        "text": "?",
        "userDefined": false
      }
    ],
    "isTemplate": false,
    "count": 0,
    "updated": 0
  },
  {
    "id": "eb6ddd9e-37c3-4828-acb4-1780adf09b13",
    "data": [
      {
        "text": "is ",
        "userDefined": false
      },
      {
        "text": "corona",
        "alias": "covid-19",
        "meta": "@covid-19",
        "userDefined": false
      },
      {
        "text": " more contagious than normal flu",
        "userDefined": false
      }
    ],
    "isTemplate": false,
    "count": 0,
    "updated": 0
  },
  {
    "id": "2393a35f-e3a4-4aac-a431-37f1ccddcd79",
    "data": [
      {
        "text": "am I at risk if i am 46?",
        "userDefined": false
      }
    ],
    "isTemplate": false,
    "count": 0,
    "updated": 0
  },
  {
    "id": "95dbdaa2-f755-4b87-85b1-02ef4ca51f94",
    "data": [
      {
        "text": "who is most vulnerable?",
        "userDefined": false
      }
    ],
    "isTemplate": false,
    "count": 0,
    "updated": 0
  },
  {
    "id": "60ff9f94-92a7-49c9-b485-a405d436fe8c",
    "data": [
      {
        "text": "Does a high potassium diet reduce risk of catching the virus?",
        "userDefined": false
      }
    ],
    "isTemplate": false,
    "count": 0,
    "updated": 0
  },
  {
    "id": "33c81284-f48d-4991-bd0a-cc4838f592bc",
    "data": [
      {
        "text": "Can young people die of ",
        "userDefined": false
      },
      {
        "text": "coronavirus",
        "alias": "covid-19",
        "meta": "@covid-19",
        "userDefined": false
      },
      {
        "text": "?",
        "userDefined": false
      }
    ],
    "isTemplate": false,
    "count": 1,
    "updated": 0
  },
  {
    "id": "3754d668-c4ab-438f-b814-ac6b1c33fa15",
    "data": [
      {
        "text": "what are my odds of catching ",
        "userDefined": false
      },
      {
        "text": "Coronavirus",
        "alias": "covid-19",
        "meta": "@covid-19",
        "userDefined": false
      }
    ],
    "isTemplate": false,
    "count": 0,
    "updated": 0
  },
  {
    "id": "95897e9e-3bdd-4591-9797-527fe3fbfb66",
    "data": [
      {
        "text": "how long does it take to recover?",
        "userDefined": false
      }
    ],
    "isTemplate": false,
    "count": 0,
    "updated": 0
  },
  {
    "id": "7a20a475-2036-46b4-bd0f-e11909cdbac2",
    "data": [
      {
        "text": "how dangerous is ",
        "userDefined": false
      },
      {
        "text": "corona",
        "alias": "covid-19",
        "meta": "@covid-19",
        "userDefined": false
      }
    ],
    "isTemplate": false,
    "count": 0,
    "updated": 0
  },
  {
    "id": "358d20d9-4b83-4526-8310-4f1d481242ba",
    "data": [
      {
        "text": "how dangerous is it actually",
        "userDefined": false
      }
    ],
    "isTemplate": false,
    "count": 0,
    "updated": 0
  },
  {
    "id": "47991dbf-6bf4-4277-9d3c-932d362efd4a",
    "data": [
      {
        "text": "who are the people at higher risk",
        "userDefined": false
      }
    ],
    "isTemplate": false,
    "count": 0,
    "updated": 0
  },
  {
    "id": "169db497-b2b2-438e-aa2f-932e55e68a86",
    "data": [
      {
        "text": "what age groups does the ",
        "userDefined": false
      },
      {
        "text": "coronavirus",
        "alias": "covid-19",
        "meta": "@covid-19",
        "userDefined": false
      },
      {
        "text": " affect?",
        "userDefined": false
      }
    ],
    "isTemplate": false,
    "count": 0,
    "updated": 0
  },
  {
    "id": "ec1cd750-dd55-4046-888e-32cbf9db77d3",
    "data": [
      {
        "text": "why are elderly more at risk",
        "userDefined": false
      }
    ],
    "isTemplate": false,
    "count": 0,
    "updated": 0
  },
  {
    "id": "b096e2a5-9955-41ff-9568-a63da131d3ba",
    "data": [
      {
        "text": "what people are at higher risk?",
        "userDefined": false
      }
    ],
    "isTemplate": false,
    "count": 0,
    "updated": 0
  },
  {
    "id": "03aac01d-2952-479b-b427-acb83e7cdebf",
    "data": [
      {
        "text": "Who is at risk?",
        "userDefined": false
      }
    ],
    "isTemplate": false,
    "count": 0,
    "updated": 0
  },
  {
    "id": "a7a409a9-1c2f-4506-8a1d-49b6d0732391",
    "data": [
      {
        "text": "am I at risk",
        "userDefined": false
      }
    ],
    "isTemplate": false,
    "count": 0,
    "updated": 0
  },
  {
    "id": "770204aa-0c64-4eb7-bf71-21fc44cc9e0c",
    "data": [
      {
        "text": "can i die?",
        "userDefined": false
      }
    ],
    "isTemplate": false,
    "count": 0,
    "updated": 0
  },
  {
    "id": "3180a3df-ceed-4b78-83a2-3bd540574c99",
    "data": [
      {
        "text": "Is ",
        "userDefined": false
      },
      {
        "text": "coronavirus",
        "alias": "covid-19",
        "meta": "@covid-19",
        "userDefined": false
      },
      {
        "text": " deadly?",
        "userDefined": false
      }
    ],
    "isTemplate": false,
    "count": 0,
    "updated": 0
  },
  {
    "id": "7f0d3a6d-1277-4263-9e13-2008f50cb219",
    "data": [
      {
        "text": "Are the symptoms in children different than in adults?",
        "userDefined": false
      }
    ],
    "isTemplate": false,
    "count": 0,
    "updated": 0
  },
  {
    "id": "6e8c8697-db9e-4571-9062-c0f1dae5776a",
    "data": [
      {
        "text": "How severe is ",
        "userDefined": false
      },
      {
        "text": "coronavirus",
        "alias": "covid-19",
        "meta": "@covid-19",
        "userDefined": false
      },
      {
        "text": "?",
        "userDefined": false
      }
    ],
    "isTemplate": false,
    "count": 0,
    "updated": 0
  }
]