[
  {
    "id": "52c62527-29bc-451c-b4b2-6b5a06300b7e",
    "data": [
      {
        "text": "Can I start the screener",
        "userDefined": false
      }
    ],
    "isTemplate": false,
    "count": 0,
    "updated": 0
  },
  {
    "id": "a40f57c9-8f2e-4691-b917-d357181c8fa5",
    "data": [
      {
        "text": "Do the screener",
        "userDefined": false
      }
    ],
    "isTemplate": false,
    "count": 0,
    "updated": 0
  },
  {
    "id": "11a1467e-0bfd-4b22-afb1-9d2ebee259fa",
    "data": [
      {
        "text": "I want to be screened",
        "userDefined": false
      }
    ],
    "isTemplate": false,
    "count": 0,
    "updated": 0
  },
  {
    "id": "56c9fb61-006e-4a24-a58b-a842ca02f935",
    "data": [
      {
        "text": "Start screener",
        "userDefined": false
      }
    ],
    "isTemplate": false,
    "count": 0,
    "updated": 0
  },
  {
    "id": "47f7b767-cf10-4d28-aaaa-eff6c4ef3405",
    "data": [
      {
        "text": "I want to do screening",
        "userDefined": false
      }
    ],
    "isTemplate": false,
    "count": 0,
    "updated": 0
  },
  {
    "id": "d6810808-2071-40f9-8e96-0bf7b93821b7",
    "data": [
      {
        "text": "start screening",
        "userDefined": false
      }
    ],
    "isTemplate": false,
    "count": 0,
    "updated": 0
  },
  {
    "id": "873247f8-9d71-4a2d-86c1-cdcdf6b69add",
    "data": [
      {
        "text": "Start Screening",
        "userDefined": false
      }
    ],
    "isTemplate": false,
    "count": 0,
    "updated": 0
  }
]