[
  {
    "id": "682b42f5-a635-406f-8660-49c7df9430d4",
    "data": [
      {
        "text": "they do not",
        "userDefined": false
      }
    ],
    "isTemplate": false,
    "count": 0,
    "updated": 0
  },
  {
    "id": "c9862eb4-7bc5-4e46-9070-bde23d567705",
    "data": [
      {
        "text": "I do not",
        "userDefined": false
      }
    ],
    "isTemplate": false,
    "count": 0,
    "updated": 0
  },
  {
    "id": "1ec9e529-4649-421d-b559-15b93b79675c",
    "data": [
      {
        "text": "they don\u0027t",
        "userDefined": false
      }
    ],
    "isTemplate": false,
    "count": 0,
    "updated": 0
  },
  {
    "id": "9965651b-dff0-4ced-8a5a-ee62ef2031f2",
    "data": [
      {
        "text": "I don\u0027t",
        "userDefined": false
      }
    ],
    "isTemplate": false,
    "count": 0,
    "updated": 0
  },
  {
    "id": "2b8c6539-b18b-4d5e-8212-b9873f48a982",
    "data": [
      {
        "text": "nope",
        "meta": "@sys.ignore",
        "userDefined": false
      }
    ],
    "isTemplate": false,
    "count": 0,
    "updated": 0
  },
  {
    "id": "221f605c-1fee-4445-be55-29d81a5b7284",
    "data": [
      {
        "text": "no",
        "userDefined": false
      }
    ],
    "isTemplate": false,
    "count": 0,
    "updated": 0
  }
]