[
  {
    "id": "741fea58-f51f-4ea4-b2fa-bb430685f689",
    "data": [
      {
        "text": "👍🏽",
        "userDefined": false
      }
    ],
    "isTemplate": false,
    "count": 0,
    "updated": 0
  },
  {
    "id": "996bf3dc-e375-4052-b530-cbb8de994030",
    "data": [
      {
        "text": "y",
        "meta": "@sys.ignore",
        "userDefined": false
      }
    ],
    "isTemplate": false,
    "count": 0,
    "updated": 0
  },
  {
    "id": "d73729e0-5fa3-4a62-bbc0-832123c31328",
    "data": [
      {
        "text": "yeah",
        "userDefined": false
      }
    ],
    "isTemplate": false,
    "count": 0,
    "updated": 0
  },
  {
    "id": "e4acf23a-6832-4e98-855e-6b2208bb5277",
    "data": [
      {
        "text": "let\u0027s do it",
        "userDefined": false
      }
    ],
    "isTemplate": false,
    "count": 0,
    "updated": 0
  },
  {
    "id": "cb934ef1-3e48-4c67-88ed-0228ea41c8df",
    "data": [
      {
        "text": "okay",
        "meta": "@sys.ignore",
        "userDefined": false
      }
    ],
    "isTemplate": false,
    "count": 0,
    "updated": 0
  },
  {
    "id": "62dfc9df-28b8-4e68-af7e-da081092da7c",
    "data": [
      {
        "text": "let\u0027s get started",
        "userDefined": false
      }
    ],
    "isTemplate": false,
    "count": 0,
    "updated": 0
  },
  {
    "id": "c3045354-44ce-43fe-bc6f-daf33f981d55",
    "data": [
      {
        "text": "yup",
        "userDefined": false
      }
    ],
    "isTemplate": false,
    "count": 0,
    "updated": 0
  },
  {
    "id": "f644700e-3cc7-4cfe-af5c-4647bc7031c7",
    "data": [
      {
        "text": "yes",
        "userDefined": false
      }
    ],
    "isTemplate": false,
    "count": 0,
    "updated": 0
  }
]