[
  {
    "id": "07e74892-4acd-4be8-8ee3-6d989a157b64",
    "data": [
      {
        "text": "just me",
        "userDefined": false
      }
    ],
    "isTemplate": false,
    "count": 0,
    "updated": 0
  },
  {
    "id": "ef06caf9-5b5e-4dc2-b349-fafafd5b85db",
    "data": [
      {
        "text": "answering for myself",
        "userDefined": false
      }
    ],
    "isTemplate": false,
    "count": 0,
    "updated": 0
  },
  {
    "id": "97520eb5-e4e1-46e9-9527-723217012c0c",
    "data": [
      {
        "text": "answer for me",
        "userDefined": false
      }
    ],
    "isTemplate": false,
    "count": 0,
    "updated": 0
  },
  {
    "id": "45f13dc6-4713-4074-b10a-ab6fed07412b",
    "data": [
      {
        "text": "for myself",
        "userDefined": false
      }
    ],
    "isTemplate": false,
    "count": 0,
    "updated": 0
  },
  {
    "id": "93511f99-9ad7-4778-9f4f-4c1721396c21",
    "data": [
      {
        "text": "for me",
        "userDefined": false
      }
    ],
    "isTemplate": false,
    "count": 0,
    "updated": 0
  },
  {
    "id": "41c04662-a649-4f1b-aded-fa9cc592986e",
    "data": [
      {
        "text": "myself",
        "userDefined": false
      }
    ],
    "isTemplate": false,
    "count": 0,
    "updated": 0
  },
  {
    "id": "03d20649-28b0-4883-8b53-88b3bc5448d6",
    "data": [
      {
        "text": "me",
        "userDefined": false
      }
    ],
    "isTemplate": false,
    "count": 0,
    "updated": 0
  }
]