[
  {
    "id": "6f7aa8ca-3d71-478a-b82f-d5d3170209da",
    "data": [
      {
        "text": "my child",
        "userDefined": false
      }
    ],
    "isTemplate": false,
    "count": 0,
    "updated": 0
  },
  {
    "id": "25e838db-e5cc-4776-b0c7-54e85a7abed4",
    "data": [
      {
        "text": "my daughter",
        "userDefined": false
      }
    ],
    "isTemplate": false,
    "count": 0,
    "updated": 0
  },
  {
    "id": "eaf00f2c-0d60-47eb-b815-8dcd26bc4374",
    "data": [
      {
        "text": "my son",
        "userDefined": false
      }
    ],
    "isTemplate": false,
    "count": 0,
    "updated": 0
  },
  {
    "id": "a9b5cb28-b78d-4b8d-b4fa-323be786db81",
    "data": [
      {
        "text": "my parent",
        "userDefined": false
      }
    ],
    "isTemplate": false,
    "count": 0,
    "updated": 0
  },
  {
    "id": "116bca5a-88ef-4b02-8478-8d162fb13f27",
    "data": [
      {
        "text": "my dad",
        "userDefined": false
      }
    ],
    "isTemplate": false,
    "count": 0,
    "updated": 0
  },
  {
    "id": "0da9ed95-52b5-4257-abf3-f5b2cf18c87b",
    "data": [
      {
        "text": "my mom",
        "userDefined": false
      }
    ],
    "isTemplate": false,
    "count": 0,
    "updated": 0
  },
  {
    "id": "384488a0-1404-425d-8674-fad3f20ea96c",
    "data": [
      {
        "text": "my wife",
        "userDefined": false
      }
    ],
    "isTemplate": false,
    "count": 0,
    "updated": 0
  },
  {
    "id": "9b5f2153-e1a1-49e1-8121-f10e71fa2514",
    "data": [
      {
        "text": "my husband",
        "userDefined": false
      }
    ],
    "isTemplate": false,
    "count": 0,
    "updated": 0
  },
  {
    "id": "e28e1adb-078a-4dcf-a975-fd883bdbd1eb",
    "data": [
      {
        "text": "my partner",
        "userDefined": false
      }
    ],
    "isTemplate": false,
    "count": 0,
    "updated": 0
  },
  {
    "id": "8df6000c-0365-4d14-8785-cbc817cba69b",
    "data": [
      {
        "text": "my friend",
        "userDefined": false
      }
    ],
    "isTemplate": false,
    "count": 0,
    "updated": 0
  },
  {
    "id": "6cd084fd-6060-45b7-97c1-e08a4c3da86c",
    "data": [
      {
        "text": "them",
        "userDefined": false
      }
    ],
    "isTemplate": false,
    "count": 0,
    "updated": 0
  },
  {
    "id": "f8a200e9-006a-4256-9c7e-dfd23b62079f",
    "data": [
      {
        "text": "not me",
        "userDefined": false
      }
    ],
    "isTemplate": false,
    "count": 0,
    "updated": 0
  },
  {
    "id": "dc1c20d4-3913-4c73-b199-b7483f48daeb",
    "data": [
      {
        "text": "somebody else",
        "userDefined": false
      }
    ],
    "isTemplate": false,
    "count": 0,
    "updated": 0
  },
  {
    "id": "e8925315-4f0a-409d-bc31-c9ff8a1d156f",
    "data": [
      {
        "text": "someone else",
        "userDefined": false
      }
    ],
    "isTemplate": false,
    "count": 0,
    "updated": 0
  }
]