[
  {
    "id": "db0f2500-911f-471e-b3f8-203174d321ea",
    "data": [
      {
        "text": "no that\u0027s it",
        "userDefined": false
      }
    ],
    "isTemplate": false,
    "count": 0,
    "updated": 0
  },
  {
    "id": "72c3f242-fa62-4eb4-9922-b1ca6b76b3fe",
    "data": [
      {
        "text": "nope that\u0027s it",
        "userDefined": false
      }
    ],
    "isTemplate": false,
    "count": 0,
    "updated": 0
  },
  {
    "id": "f7161abd-a897-4fb7-836f-92d8207339f5",
    "data": [
      {
        "text": "i\u0027m done",
        "userDefined": false
      }
    ],
    "isTemplate": false,
    "count": 0,
    "updated": 0
  },
  {
    "id": "508b967e-a85e-426d-b2df-8724bc0b7367",
    "data": [
      {
        "text": "no I\u0027m done",
        "userDefined": false
      }
    ],
    "isTemplate": false,
    "count": 0,
    "updated": 0
  },
  {
    "id": "f6740f5c-34a2-47e6-9d64-64763c07a643",
    "data": [
      {
        "text": "no",
        "userDefined": false
      }
    ],
    "isTemplate": false,
    "count": 0,
    "updated": 0
  }
]