[
  {
    "id": "4adb57d4-fb0a-4e3e-83be-0b171d8e9107",
    "data": [
      {
        "text": "Okay.",
        "userDefined": false
      }
    ],
    "isTemplate": false,
    "count": 0,
    "updated": 0
  },
  {
    "id": "a4cf7402-6e5c-4934-978f-5bdcecb2c9b6",
    "data": [
      {
        "text": "Tell more about COVID-19?",
        "userDefined": false
      }
    ],
    "isTemplate": false,
    "count": 0,
    "updated": 0
  },
  {
    "id": "b4306e0a-aedf-439c-9d2f-21f524e6bac9",
    "data": [
      {
        "text": "got it",
        "userDefined": false
      }
    ],
    "isTemplate": false,
    "count": 0,
    "updated": 0
  },
  {
    "id": "467084fa-c005-468d-83aa-cf5bef11bb66",
    "data": [
      {
        "text": "ok",
        "userDefined": false
      }
    ],
    "isTemplate": false,
    "count": 0,
    "updated": 0
  },
  {
    "id": "a85e9fcc-ccd0-41be-b6ff-be048fe7d20c",
    "data": [
      {
        "text": "okay",
        "userDefined": false
      }
    ],
    "isTemplate": false,
    "count": 0,
    "updated": 0
  }
]