[
  {
    "id": "c22b2337-25ff-4e6b-a224-239ed9468b14",
    "data": [
      {
        "text": "no satisfied",
        "userDefined": false
      }
    ],
    "isTemplate": false,
    "count": 0,
    "updated": 0
  },
  {
    "id": "464f9eaa-e654-454d-af6b-7b04cd35ccd9",
    "data": [
      {
        "text": "not satisfied",
        "userDefined": false
      }
    ],
    "isTemplate": false,
    "count": 0,
    "updated": 0
  },
  {
    "id": "d191a958-42ed-429c-bcb2-57fa1d57e20c",
    "data": [
      {
        "text": "I do not have the information I need",
        "userDefined": false
      }
    ],
    "isTemplate": false,
    "count": 0,
    "updated": 0
  },
  {
    "id": "da721f2b-06b0-49f9-98b4-150c00f5f009",
    "data": [
      {
        "text": "I don\u0027t have the information I need",
        "userDefined": false
      }
    ],
    "isTemplate": false,
    "count": 0,
    "updated": 0
  },
  {
    "id": "a4bb5ec5-7362-48f3-a0ed-62ee329b6a45",
    "data": [
      {
        "text": "This was not helpful",
        "userDefined": false
      }
    ],
    "isTemplate": false,
    "count": 0,
    "updated": 0
  },
  {
    "id": "ec4d7bcd-e0f4-44fc-a965-f3b4a0bb8729",
    "data": [
      {
        "text": "I am unhappy",
        "userDefined": false
      }
    ],
    "isTemplate": false,
    "count": 0,
    "updated": 0
  },
  {
    "id": "6b4924ad-d9c8-4280-99b8-5c1292a5b808",
    "data": [
      {
        "text": "I am not satisfied",
        "userDefined": false
      }
    ],
    "isTemplate": false,
    "count": 0,
    "updated": 0
  },
  {
    "id": "86400dae-2000-4235-bd1d-b9f73059d666",
    "data": [
      {
        "text": "I\u0027m not satisfied",
        "userDefined": false
      }
    ],
    "isTemplate": false,
    "count": 0,
    "updated": 0
  }
]