[
  {
    "id": "4affa28f-faac-4e71-96bd-c9ea9619414a",
    "data": [
      {
        "text": "I see, thanks",
        "userDefined": false
      }
    ],
    "isTemplate": false,
    "count": 0,
    "updated": 0
  },
  {
    "id": "e11bf223-f997-4164-ae5c-a3d9f648ec4b",
    "data": [
      {
        "text": "Okay. Thank you.",
        "userDefined": false
      }
    ],
    "isTemplate": false,
    "count": 0,
    "updated": 0
  },
  {
    "id": "a74d36d4-1a3d-47f8-8195-62489ecb917d",
    "data": [
      {
        "text": "Thank you.",
        "userDefined": false
      }
    ],
    "isTemplate": false,
    "count": 1,
    "updated": 0
  },
  {
    "id": "e04cf9b3-6237-4878-91b1-e52ffd8af4a3",
    "data": [
      {
        "text": "that\u0027s great information, thank you",
        "userDefined": false
      }
    ],
    "isTemplate": false,
    "count": 0,
    "updated": 0
  },
  {
    "id": "a9843141-de32-4d50-8d1e-4d5cd95639dd",
    "data": [
      {
        "text": "thank you i really appreciate it",
        "userDefined": false
      }
    ],
    "isTemplate": false,
    "count": 0,
    "updated": 0
  },
  {
    "id": "b4962072-5a7a-48a1-b20a-902fa5528a00",
    "data": [
      {
        "text": "ok, thanks",
        "userDefined": false
      }
    ],
    "isTemplate": false,
    "count": 0,
    "updated": 0
  },
  {
    "id": "ff9a6b82-9c80-4131-8b55-bb2b9cb84b14",
    "data": [
      {
        "text": "got it, thanks",
        "userDefined": false
      }
    ],
    "isTemplate": false,
    "count": 0,
    "updated": 0
  },
  {
    "id": "10c47bb7-f37a-4fa7-b0a6-d210d19ef99c",
    "data": [
      {
        "text": "thanks for the help",
        "userDefined": false
      }
    ],
    "isTemplate": false,
    "count": 0,
    "updated": 0
  },
  {
    "id": "6883d595-89b8-48ea-88c8-236e132fbdb9",
    "data": [
      {
        "text": "okay great, thank u",
        "userDefined": false
      }
    ],
    "isTemplate": false,
    "count": 0,
    "updated": 0
  },
  {
    "id": "a693e30e-8213-440c-b642-d510e17012bd",
    "data": [
      {
        "text": "thanks a ton",
        "userDefined": false
      }
    ],
    "isTemplate": false,
    "count": 0,
    "updated": 0
  },
  {
    "id": "20983323-15b7-4ecb-94dc-46e980e6a70d",
    "data": [
      {
        "text": "thank you very much",
        "userDefined": false
      }
    ],
    "isTemplate": false,
    "count": 0,
    "updated": 0
  },
  {
    "id": "5416c0f2-1219-4883-96b5-3c195944c353",
    "data": [
      {
        "text": "Thanks a lot!",
        "userDefined": false
      }
    ],
    "isTemplate": false,
    "count": 0,
    "updated": 0
  },
  {
    "id": "69d8f9e5-3c85-402c-b1f3-46bf38dda058",
    "data": [
      {
        "text": "Thanks!",
        "userDefined": false
      }
    ],
    "isTemplate": false,
    "count": 0,
    "updated": 0
  },
  {
    "id": "56744e10-3933-4d97-b400-5c5cb4ad2f0a",
    "data": [
      {
        "text": "thank you",
        "userDefined": false
      }
    ],
    "isTemplate": false,
    "count": 0,
    "updated": 0
  }
]