[
  {
    "id": "8574cf83-ce7e-4449-9797-acf05649661b",
    "data": [
      {
        "text": "Thank you. Good. Bye.",
        "userDefined": false
      }
    ],
    "isTemplate": false,
    "count": 0,
    "updated": 0
  },
  {
    "id": "96187255-71d8-4e3c-8ca4-f4fae8aef84a",
    "data": [
      {
        "text": "Okay, that\u0027s all I want to ask.",
        "userDefined": false
      }
    ],
    "isTemplate": false,
    "count": 0,
    "updated": 0
  },
  {
    "id": "13483b08-77cf-49bd-96b5-28d344a98449",
    "data": [
      {
        "text": "Okay, that\u0027s all.",
        "userDefined": false
      }
    ],
    "isTemplate": false,
    "count": 0,
    "updated": 0
  },
  {
    "id": "258abf08-6265-4ef4-a37d-de1f1f845d1c",
    "data": [
      {
        "text": "That\u0027s all the questions I have.",
        "userDefined": false
      }
    ],
    "isTemplate": false,
    "count": 0,
    "updated": 0
  },
  {
    "id": "6c76b649-bf86-4323-bba0-7648cf5c5f37",
    "data": [
      {
        "text": "That\u0027s all for now.",
        "userDefined": false
      }
    ],
    "isTemplate": false,
    "count": 0,
    "updated": 0
  },
  {
    "id": "61137c3b-733d-4ce7-afce-536b2f4102b7",
    "data": [
      {
        "text": "that\u0027s all of my questions",
        "userDefined": false
      }
    ],
    "isTemplate": false,
    "count": 0,
    "updated": 0
  },
  {
    "id": "08519acc-b028-4d91-aaba-a9319f9b5187",
    "data": [
      {
        "text": "i don\u0027t have anything else to ask",
        "userDefined": false
      }
    ],
    "isTemplate": false,
    "count": 0,
    "updated": 0
  },
  {
    "id": "b404b0de-2ad0-4c13-9b12-20ad9e65c898",
    "data": [
      {
        "text": "that\u0027s it",
        "userDefined": false
      }
    ],
    "isTemplate": false,
    "count": 0,
    "updated": 0
  },
  {
    "id": "fe3a152b-3390-49e4-af62-5c8df27e0f9e",
    "data": [
      {
        "text": "Okay, that\u0027s all my questions",
        "userDefined": false
      }
    ],
    "isTemplate": false,
    "count": 0,
    "updated": 0
  },
  {
    "id": "1bc3e4c8-45e4-4cba-9563-d9efd9019062",
    "data": [
      {
        "text": "Have a nice day.",
        "userDefined": false
      }
    ],
    "isTemplate": false,
    "count": 0,
    "updated": 0
  },
  {
    "id": "8c3ffdb6-0411-4b02-b60a-6102e5ad75bb",
    "data": [
      {
        "text": "Bye. Bye.",
        "userDefined": false
      }
    ],
    "isTemplate": false,
    "count": 0,
    "updated": 0
  },
  {
    "id": "5cfac8e1-787b-43cc-b90a-2880e5876a20",
    "data": [
      {
        "text": "bye bye",
        "userDefined": false
      }
    ],
    "isTemplate": false,
    "count": 0,
    "updated": 0
  },
  {
    "id": "339de49a-46f7-401b-8e86-f72a02d1cc63",
    "data": [
      {
        "text": "bye",
        "userDefined": false
      }
    ],
    "isTemplate": false,
    "count": 1,
    "updated": 0
  },
  {
    "id": "8c31bb30-fe1d-4f39-a374-db7a3932be3c",
    "data": [
      {
        "text": "by",
        "userDefined": false
      }
    ],
    "isTemplate": false,
    "count": 0,
    "updated": 0
  },
  {
    "id": "a7d767dc-780e-4db7-a49a-88f56e2104a3",
    "data": [
      {
        "text": "Good. Bye.",
        "userDefined": false
      }
    ],
    "isTemplate": false,
    "count": 0,
    "updated": 0
  },
  {
    "id": "c165e513-67e5-40a0-a23d-da2f993e0227",
    "data": [
      {
        "text": "Good bye!",
        "userDefined": false
      }
    ],
    "isTemplate": false,
    "count": 0,
    "updated": 0
  }
]