[
  {
    "id": "5981ab6c-fcf4-4748-93f0-b1ad8df2f100",
    "data": [
      {
        "text": "hello hello",
        "userDefined": false
      }
    ],
    "isTemplate": false,
    "count": 0,
    "updated": 0
  },
  {
    "id": "43458e04-b671-48bd-8c26-27ab6d6415f9",
    "data": [
      {
        "text": "What can I ask?",
        "userDefined": false
      }
    ],
    "isTemplate": false,
    "count": 0,
    "updated": 0
  },
  {
    "id": "d821d64b-8c89-4170-8b6e-a49d893c7dac",
    "data": [
      {
        "text": "what is it that you help with?",
        "userDefined": false
      }
    ],
    "isTemplate": false,
    "count": 0,
    "updated": 0
  },
  {
    "id": "74e55f99-3734-4cc9-9831-6ce4de047924",
    "data": [
      {
        "text": "what can you help me with",
        "userDefined": false
      }
    ],
    "isTemplate": false,
    "count": 0,
    "updated": 0
  },
  {
    "id": "cf04748d-79ff-4cb0-bd92-2edd1f7d1990",
    "data": [
      {
        "text": "How can you help me?",
        "userDefined": false
      }
    ],
    "isTemplate": false,
    "count": 0,
    "updated": 0
  },
  {
    "id": "b45de6be-78b0-47ef-99d7-371cbe7d2f19",
    "data": [
      {
        "text": "What can i ask you?",
        "userDefined": false
      }
    ],
    "isTemplate": false,
    "count": 0,
    "updated": 0
  },
  {
    "id": "ae7e6dfd-e2bd-4039-a879-8d7e3bd4801d",
    "data": [
      {
        "text": "what can you help with?",
        "userDefined": false
      }
    ],
    "isTemplate": false,
    "count": 0,
    "updated": 0
  },
  {
    "id": "87e69313-3709-4176-b6e1-3e91164c1382",
    "data": [
      {
        "text": "what can I ask",
        "userDefined": false
      }
    ],
    "isTemplate": false,
    "count": 1,
    "updated": 0
  },
  {
    "id": "cdb0ab3a-df34-449a-bcb0-8d2f08af3b7b",
    "data": [
      {
        "text": "What can you help me with?",
        "userDefined": false
      }
    ],
    "isTemplate": false,
    "count": 1,
    "updated": 0
  },
  {
    "id": "62b9a0b8-2e3a-4c47-bbf5-3272b6fc0a11",
    "data": [
      {
        "text": "How can you help me",
        "userDefined": false
      }
    ],
    "isTemplate": false,
    "count": 0,
    "updated": 0
  },
  {
    "id": "13cca9c1-11a8-4db8-8d95-8890c3695351",
    "data": [
      {
        "text": "what can you help me with?",
        "userDefined": false
      }
    ],
    "isTemplate": false,
    "count": 0,
    "updated": 0
  },
  {
    "id": "0d5cd9cc-7c26-47f3-8c55-71c31780c053",
    "data": [
      {
        "text": "what can I ask you?",
        "userDefined": false
      }
    ],
    "isTemplate": false,
    "count": 0,
    "updated": 0
  },
  {
    "id": "56b1195f-8978-4e78-86da-c8116202dbba",
    "data": [
      {
        "text": "what can you answer?",
        "userDefined": false
      }
    ],
    "isTemplate": false,
    "count": 0,
    "updated": 0
  },
  {
    "id": "d8f66215-d70f-4f71-8423-c13da97aeefa",
    "data": [
      {
        "text": "What can you do?",
        "userDefined": false
      }
    ],
    "isTemplate": false,
    "count": 1,
    "updated": 0
  },
  {
    "id": "f9233988-53a1-4a81-bc24-7e8b2d64728e",
    "data": [
      {
        "text": "hey there",
        "userDefined": false
      }
    ],
    "isTemplate": false,
    "count": 0,
    "updated": 0
  },
  {
    "id": "483685ee-85c9-44b6-84ad-a0617e76d277",
    "data": [
      {
        "text": "hello there",
        "userDefined": false
      }
    ],
    "isTemplate": false,
    "count": 1,
    "updated": 0
  },
  {
    "id": "aa3f577b-14bd-428a-9f20-4543053dcd40",
    "data": [
      {
        "text": "greetings",
        "userDefined": false
      }
    ],
    "isTemplate": false,
    "count": 0,
    "updated": 0
  },
  {
    "id": "fd2700fc-7754-4a52-be51-2716c5804518",
    "data": [
      {
        "text": "trying to say hello",
        "userDefined": false
      }
    ],
    "isTemplate": false,
    "count": 0,
    "updated": 0
  },
  {
    "id": "6034dcc0-c36d-4589-a5fa-61de1e93a239",
    "data": [
      {
        "text": "just going to say hi",
        "userDefined": false
      }
    ],
    "isTemplate": false,
    "count": 0,
    "updated": 0
  },
  {
    "id": "ef30bfff-3e6c-40d5-b8ed-dae05735ebf5",
    "data": [
      {
        "text": "howdy",
        "userDefined": false
      }
    ],
    "isTemplate": false,
    "count": 0,
    "updated": 0
  },
  {
    "id": "34a3f7b7-253d-4ba3-933d-2ac413a97fcd",
    "data": [
      {
        "text": "heya",
        "userDefined": false
      }
    ],
    "isTemplate": false,
    "count": 0,
    "updated": 0
  },
  {
    "id": "ba95a277-e8e3-4b2d-a181-155e2ceba991",
    "data": [
      {
        "text": "hey",
        "userDefined": false
      }
    ],
    "isTemplate": false,
    "count": 0,
    "updated": 0
  },
  {
    "id": "6e60786f-e332-4b8d-afab-c27e934c3e41",
    "data": [
      {
        "text": "hi there!",
        "userDefined": false
      }
    ],
    "isTemplate": false,
    "count": 0,
    "updated": 0
  },
  {
    "id": "226308c7-5db1-4653-9f81-45ad71a433ab",
    "data": [
      {
        "text": "hello",
        "userDefined": false
      }
    ],
    "isTemplate": false,
    "count": 0,
    "updated": 0
  },
  {
    "id": "54cf90c5-45a2-4cc3-b2b0-52f12c956881",
    "data": [
      {
        "text": "hi",
        "userDefined": false
      }
    ],
    "isTemplate": false,
    "count": 1,
    "updated": 0
  }
]