[
  {
    "id": "ecf1a0f3-d6a3-4258-9ed4-cb103e8a9f2c",
    "data": [
      {
        "text": "What\u0027s your name?",
        "userDefined": false
      }
    ],
    "isTemplate": false,
    "count": 0,
    "updated": 0
  },
  {
    "id": "66ba148c-b22c-46ca-b7a3-d2883d4d8a1f",
    "data": [
      {
        "text": "are you a bot?",
        "userDefined": false
      }
    ],
    "isTemplate": false,
    "count": 0,
    "updated": 0
  },
  {
    "id": "e92277eb-148a-479f-bb63-b5600b2cde1b",
    "data": [
      {
        "text": "What are you?",
        "userDefined": false
      }
    ],
    "isTemplate": false,
    "count": 1,
    "updated": 0
  },
  {
    "id": "2a874a5e-9542-4f66-9b8a-c2bc19bd1575",
    "data": [
      {
        "text": "are you a boss",
        "userDefined": false
      }
    ],
    "isTemplate": false,
    "count": 0,
    "updated": 0
  },
  {
    "id": "ab8d343b-0984-4a54-b23c-4d49fe82dadd",
    "data": [
      {
        "text": "your name please",
        "userDefined": false
      }
    ],
    "isTemplate": false,
    "count": 0,
    "updated": 0
  },
  {
    "id": "60c4bb6a-e9ed-44d8-acf5-ee0cfb2e83bc",
    "data": [
      {
        "text": "what can I call you?",
        "userDefined": false
      }
    ],
    "isTemplate": false,
    "count": 0,
    "updated": 0
  },
  {
    "id": "b315a5e2-5b22-4649-bd18-5cdb129bba76",
    "data": [
      {
        "text": "what are you known as?",
        "userDefined": false
      }
    ],
    "isTemplate": false,
    "count": 0,
    "updated": 0
  },
  {
    "id": "1590395d-c921-4a8f-8a45-2fa54c22d031",
    "data": [
      {
        "text": "what are you called?",
        "userDefined": false
      }
    ],
    "isTemplate": false,
    "count": 0,
    "updated": 0
  },
  {
    "id": "4b527b67-1326-4db5-9a71-8df9493074a2",
    "data": [
      {
        "text": "do you have a name?",
        "userDefined": false
      }
    ],
    "isTemplate": false,
    "count": 0,
    "updated": 0
  },
  {
    "id": "8c030899-bb3e-4976-80fd-769e69be4d0a",
    "data": [
      {
        "text": "What\u0027s your name",
        "userDefined": false
      }
    ],
    "isTemplate": false,
    "count": 0,
    "updated": 0
  }
]