[
  {
    "id": "32024727-d34f-4ccf-ad81-9cdd16990ccb",
    "data": [
      {
        "text": "I prefer not to answer",
        "userDefined": false
      }
    ],
    "isTemplate": false,
    "count": 0,
    "updated": 0
  },
  {
    "id": "68eed511-f0b1-4114-b784-544f3f13fef8",
    "data": [
      {
        "text": "In between",
        "userDefined": false
      }
    ],
    "isTemplate": false,
    "count": 0,
    "updated": 0
  },
  {
    "id": "a42ab76f-c15d-4bcf-9048-2623b90698e8",
    "data": [
      {
        "text": "I don\u0027t want to answer this question",
        "userDefined": false
      }
    ],
    "isTemplate": false,
    "count": 0,
    "updated": 0
  },
  {
    "id": "0496b17d-31ed-4b2a-ac81-305e06eb2cb9",
    "data": [
      {
        "text": "I don\u0027t want to answer this survey",
        "userDefined": false
      }
    ],
    "isTemplate": false,
    "count": 0,
    "updated": 0
  },
  {
    "id": "b7d49b2b-52c1-4025-8d7e-2a990ba18f12",
    "data": [
      {
        "text": "I don\u0027t know",
        "userDefined": false
      }
    ],
    "isTemplate": false,
    "count": 0,
    "updated": 0
  },
  {
    "id": "b4ff5ef2-8e60-4e59-ac41-60a965e07216",
    "data": [
      {
        "text": "Neither",
        "userDefined": false
      }
    ],
    "isTemplate": false,
    "count": 0,
    "updated": 0
  },
  {
    "id": "e33f21fd-b8d8-4c55-9a73-8de840fd5b0b",
    "data": [
      {
        "text": "I don\u0027t want to participate",
        "userDefined": false
      }
    ],
    "isTemplate": false,
    "count": 0,
    "updated": 0
  },
  {
    "id": "008c52e8-e850-4dd3-8e24-8c1e055db57a",
    "data": [
      {
        "text": "I don\u0027t want to answer",
        "userDefined": false
      }
    ],
    "isTemplate": false,
    "count": 0,
    "updated": 0
  }
]