[
  {
    "id": "31b4df55-ab70-40bf-a3a8-732a745506b6",
    "data": [
      {
        "text": "I want to talk to a live agent.",
        "userDefined": false
      }
    ],
    "isTemplate": false,
    "count": 0,
    "updated": 0
  },
  {
    "id": "406afdbd-89df-4c24-9f5e-3e31496b0c3b",
    "data": [
      {
        "text": "representative transfer",
        "userDefined": false
      }
    ],
    "isTemplate": false,
    "count": 0,
    "updated": 0
  },
  {
    "id": "5fb901e5-4de7-465d-abeb-f5157a8e8c04",
    "data": [
      {
        "text": "talk to representative",
        "userDefined": false
      }
    ],
    "isTemplate": false,
    "count": 0,
    "updated": 0
  },
  {
    "id": "710e3029-847a-4689-8849-d5c062b7fb7e",
    "data": [
      {
        "text": "human agent please",
        "userDefined": false
      }
    ],
    "isTemplate": false,
    "count": 0,
    "updated": 0
  },
  {
    "id": "9d0a707c-8b5b-4176-a870-e99537d4256c",
    "data": [
      {
        "text": "i need to talk to a human",
        "userDefined": false
      }
    ],
    "isTemplate": false,
    "count": 0,
    "updated": 0
  },
  {
    "id": "a8624e46-79cc-462f-9902-9b6364df7b89",
    "data": [
      {
        "text": "transfer me to a live agent",
        "userDefined": false
      }
    ],
    "isTemplate": false,
    "count": 0,
    "updated": 0
  },
  {
    "id": "363bd5c3-43da-4961-b91a-9c3a9d03d623",
    "data": [
      {
        "text": "talk to a nurse",
        "userDefined": false
      }
    ],
    "isTemplate": false,
    "count": 0,
    "updated": 0
  },
  {
    "id": "10e8c8ee-7228-4598-b377-999473394cba",
    "data": [
      {
        "text": "chat with a representative",
        "userDefined": false
      }
    ],
    "isTemplate": false,
    "count": 0,
    "updated": 0
  },
  {
    "id": "b8d84864-2dc0-4763-b47c-29b15d777dc4",
    "data": [
      {
        "text": "I want to talk to a live agent",
        "userDefined": false
      }
    ],
    "isTemplate": false,
    "count": 0,
    "updated": 0
  }
]