[
  {
    "id": "d97f1edb-451e-4a78-a64d-b3d26e4ba235",
    "data": [
      {
        "text": "Should I get tested if I don\u0027t feel that sick",
        "userDefined": false
      }
    ],
    "isTemplate": false,
    "count": 0,
    "updated": 0
  },
  {
    "id": "dd54210e-dc56-4c7c-a502-3ff7d972ec2c",
    "data": [
      {
        "text": "I feel sick",
        "userDefined": false
      }
    ],
    "isTemplate": false,
    "count": 1,
    "updated": 0
  },
  {
    "id": "82055346-8bde-4a21-b6c5-982159a2fa80",
    "data": [
      {
        "text": "Fever",
        "userDefined": false
      }
    ],
    "isTemplate": false,
    "count": 0,
    "updated": 0
  },
  {
    "id": "f6be585c-0fb3-4cbf-9788-81614b4c57fd",
    "data": [
      {
        "text": "Am I going to die?",
        "userDefined": false
      }
    ],
    "isTemplate": false,
    "count": 0,
    "updated": 0
  },
  {
    "id": "b94c0a2f-b1f2-4d8e-9b93-f0d7253695bc",
    "data": [
      {
        "text": "nausea",
        "userDefined": false
      }
    ],
    "isTemplate": false,
    "count": 0,
    "updated": 0
  },
  {
    "id": "efa5af62-5bc6-4110-b7cc-a93b45d5784b",
    "data": [
      {
        "text": "coughing",
        "userDefined": false
      }
    ],
    "isTemplate": false,
    "count": 0,
    "updated": 0
  },
  {
    "id": "a44dbb28-f2c1-41a3-b4ab-76e65ed52d05",
    "data": [
      {
        "text": "should I go to hospital if I feel sick",
        "userDefined": false
      }
    ],
    "isTemplate": false,
    "count": 0,
    "updated": 0
  },
  {
    "id": "7c891820-575c-4145-b0e5-9aead14b10ab",
    "data": [
      {
        "text": "i am a bit sore throat, dizzying, am I got the virus ?",
        "userDefined": false
      }
    ],
    "isTemplate": false,
    "count": 0,
    "updated": 0
  },
  {
    "id": "d6b9cb32-4bdf-4de3-b379-508adcc078fb",
    "data": [
      {
        "text": "i am a bit sore throat",
        "userDefined": false
      }
    ],
    "isTemplate": false,
    "count": 1,
    "updated": 0
  },
  {
    "id": "90b3bbad-dd25-42be-86bf-20a9ed532534",
    "data": [
      {
        "text": "I am coughing",
        "userDefined": false
      }
    ],
    "isTemplate": false,
    "count": 1,
    "updated": 0
  },
  {
    "id": "d8297416-5faf-4b23-a527-c154de9d84bd",
    "data": [
      {
        "text": "I have a cold",
        "userDefined": false
      }
    ],
    "isTemplate": false,
    "count": 0,
    "updated": 0
  },
  {
    "id": "8488ae71-814b-4385-9e70-abd9f14ef485",
    "data": [
      {
        "text": "cough",
        "userDefined": false
      }
    ],
    "isTemplate": false,
    "count": 1,
    "updated": 0
  },
  {
    "id": "20ac1ddf-e39f-4800-af31-a5fe55e13cd7",
    "data": [
      {
        "text": "my temperature is ",
        "userDefined": false
      },
      {
        "text": "37.5 degree celsius",
        "alias": "temperature",
        "meta": "@sys.temperature",
        "userDefined": false
      }
    ],
    "isTemplate": false,
    "count": 0,
    "updated": 0
  },
  {
    "id": "58a817ff-68c9-46b5-9f84-28e3be95a2f3",
    "data": [
      {
        "text": "I have a temperature",
        "userDefined": false
      }
    ],
    "isTemplate": false,
    "count": 0,
    "updated": 0
  },
  {
    "id": "21ff0dec-e31f-4dd1-884f-0e2829e56b1a",
    "data": [
      {
        "text": "I can\u0027t taste or smell anything",
        "userDefined": false
      }
    ],
    "isTemplate": false,
    "count": 0,
    "updated": 0
  },
  {
    "id": "54869c46-9f26-4bcc-a946-462d3b2eb7f9",
    "data": [
      {
        "text": "I can\u0027t taste",
        "userDefined": false
      }
    ],
    "isTemplate": false,
    "count": 0,
    "updated": 0
  },
  {
    "id": "b8ff79c6-5791-406e-beae-72205c784611",
    "data": [
      {
        "text": "I can\u0027t smell",
        "userDefined": false
      }
    ],
    "isTemplate": false,
    "count": 0,
    "updated": 0
  },
  {
    "id": "8ee0fb61-9bb8-4f3c-87ee-1924cb5f57d1",
    "data": [
      {
        "text": "I have fever",
        "userDefined": false
      }
    ],
    "isTemplate": false,
    "count": 0,
    "updated": 0
  },
  {
    "id": "5db95312-5675-44c3-bc33-24ef281f5472",
    "data": [
      {
        "text": "I\u0027m not feeling well. What can I do?",
        "userDefined": false
      }
    ],
    "isTemplate": false,
    "count": 0,
    "updated": 0
  },
  {
    "id": "fe1075ca-4d56-4fc4-bd49-464e0c2d3501",
    "data": [
      {
        "text": "how do i manage symptoms",
        "userDefined": false
      }
    ],
    "isTemplate": false,
    "count": 0,
    "updated": 0
  },
  {
    "id": "ffccb4f4-9590-41a6-a5d3-66aed053b134",
    "data": [
      {
        "text": "Okay, what if I feel sick?",
        "userDefined": false
      }
    ],
    "isTemplate": false,
    "count": 0,
    "updated": 0
  },
  {
    "id": "65927abb-ada2-4709-936b-6c85879a234c",
    "data": [
      {
        "text": "I\u0027m feeling I have a headache and I feeling sick. What should I do?",
        "userDefined": false
      }
    ],
    "isTemplate": false,
    "count": 0,
    "updated": 0
  },
  {
    "id": "9b1544c5-649b-44dd-a016-c40f99f53317",
    "data": [
      {
        "text": "What should I do if I have a sore throat?",
        "userDefined": false
      }
    ],
    "isTemplate": false,
    "count": 0,
    "updated": 0
  },
  {
    "id": "b64370db-57e1-4713-9dec-9c8db61910fb",
    "data": [
      {
        "text": "how do i manage my symptoms?",
        "userDefined": false
      }
    ],
    "isTemplate": false,
    "count": 0,
    "updated": 0
  },
  {
    "id": "0b1b16a7-4d5c-4da5-9dc5-d8f53ba9b169",
    "data": [
      {
        "text": "what should i do if i get the virus?",
        "userDefined": false
      }
    ],
    "isTemplate": false,
    "count": 0,
    "updated": 0
  },
  {
    "id": "98804bd2-ee62-41a9-9f24-2275b49e49cb",
    "data": [
      {
        "text": "What should I do if I have coronavirus?",
        "userDefined": false
      }
    ],
    "isTemplate": false,
    "count": 0,
    "updated": 0
  },
  {
    "id": "fc56c428-3e98-4cb2-bdb5-d114f909d051",
    "data": [
      {
        "text": "I think I\u0027ve been infected with coronavirus. What should I do?",
        "userDefined": false
      }
    ],
    "isTemplate": false,
    "count": 0,
    "updated": 0
  },
  {
    "id": "5d84275c-e198-42fb-89e7-2a25024931d2",
    "data": [
      {
        "text": "what should I do if I am sick",
        "userDefined": false
      }
    ],
    "isTemplate": false,
    "count": 1,
    "updated": 0
  },
  {
    "id": "e1f4e248-87f4-440c-bc10-fe7282adda09",
    "data": [
      {
        "text": "i have a runny nose, should I be tested?",
        "userDefined": false
      }
    ],
    "isTemplate": false,
    "count": 0,
    "updated": 0
  },
  {
    "id": "568b671d-9c5f-4226-9505-57d61c44947b",
    "data": [
      {
        "text": "My throat hurts",
        "userDefined": false
      }
    ],
    "isTemplate": false,
    "count": 0,
    "updated": 0
  },
  {
    "id": "5cf3ceae-b986-47fd-9ea8-2df33e907eb4",
    "data": [
      {
        "text": "What should I do if my throat hurts?",
        "userDefined": false
      }
    ],
    "isTemplate": false,
    "count": 0,
    "updated": 0
  },
  {
    "id": "e896a00a-bd6f-478b-af74-1d5e1075605a",
    "data": [
      {
        "text": "What should I do if my wife has Coronavirus?",
        "userDefined": false
      }
    ],
    "isTemplate": false,
    "count": 0,
    "updated": 0
  },
  {
    "id": "95395c4a-b4ea-423a-999a-e5cb20195f25",
    "data": [
      {
        "text": "what should I do if I have a fever?",
        "userDefined": false
      }
    ],
    "isTemplate": false,
    "count": 0,
    "updated": 0
  },
  {
    "id": "3985d26d-3545-47ec-ab7a-8896bac26a1a",
    "data": [
      {
        "text": "who can i call?",
        "userDefined": false
      }
    ],
    "isTemplate": false,
    "count": 0,
    "updated": 0
  },
  {
    "id": "eb18fac0-de89-4ce6-952a-11fd9cf7e805",
    "data": [
      {
        "text": "Do I have coronavirus?",
        "userDefined": false
      }
    ],
    "isTemplate": false,
    "count": 0,
    "updated": 0
  },
  {
    "id": "7a82c3b1-9032-4c2b-9887-52c41fc492f8",
    "data": [
      {
        "text": "i have been exposed",
        "userDefined": false
      }
    ],
    "isTemplate": false,
    "count": 0,
    "updated": 0
  },
  {
    "id": "3d40beab-60cc-43c8-b1a7-70ea765f66bf",
    "data": [
      {
        "text": "i think i have corona",
        "userDefined": false
      }
    ],
    "isTemplate": false,
    "count": 0,
    "updated": 0
  },
  {
    "id": "d75c79ce-7b29-4ffb-a495-27d5be6ba2cc",
    "data": [
      {
        "text": "I have a fever",
        "userDefined": false
      }
    ],
    "isTemplate": false,
    "count": 0,
    "updated": 0
  },
  {
    "id": "461f40e8-753c-4904-a8ef-af28175df534",
    "data": [
      {
        "text": "Where can I get help?",
        "userDefined": false
      }
    ],
    "isTemplate": false,
    "count": 0,
    "updated": 0
  },
  {
    "id": "de61d8c0-1ffa-4268-a34d-d8edfa116d00",
    "data": [
      {
        "text": "what if I can\u0027t get the medicine I need?",
        "userDefined": false
      }
    ],
    "isTemplate": false,
    "count": 0,
    "updated": 0
  },
  {
    "id": "8f34113a-7be8-48a1-afdc-9b9f0940b450",
    "data": [
      {
        "text": "i have fever and cough",
        "userDefined": false
      }
    ],
    "isTemplate": false,
    "count": 0,
    "updated": 0
  },
  {
    "id": "904d4ff6-dedf-4d78-abb9-caf02a8d18f5",
    "data": [
      {
        "text": "I have a sore throat and a fever, what should I do?",
        "userDefined": false
      }
    ],
    "isTemplate": false,
    "count": 0,
    "updated": 0
  },
  {
    "id": "d18c0f49-6a77-403a-a92d-0e98e2adfb39",
    "data": [
      {
        "text": "sore throat and a fever",
        "userDefined": false
      }
    ],
    "isTemplate": false,
    "count": 0,
    "updated": 0
  },
  {
    "id": "264540b5-7061-4661-af4b-42fb96d1ab6d",
    "data": [
      {
        "text": "I\u0027m having a fever and a cough",
        "userDefined": false
      }
    ],
    "isTemplate": false,
    "count": 0,
    "updated": 0
  },
  {
    "id": "0d676107-31f6-4fdf-88d2-b301db6a68a9",
    "data": [
      {
        "text": "I have a fever and cough. What can I do?",
        "userDefined": false
      }
    ],
    "isTemplate": false,
    "count": 0,
    "updated": 0
  },
  {
    "id": "1b34fef3-6f1e-403a-8f42-978faf9c1dd0",
    "data": [
      {
        "text": "i don\u0027t feel well",
        "userDefined": false
      }
    ],
    "isTemplate": false,
    "count": 0,
    "updated": 0
  },
  {
    "id": "34930b56-754b-4315-aaa4-09100b701827",
    "data": [
      {
        "text": "i have a fever",
        "userDefined": false
      }
    ],
    "isTemplate": false,
    "count": 0,
    "updated": 0
  },
  {
    "id": "f56cfbb6-c445-4393-9783-8cb58b23f085",
    "data": [
      {
        "text": "i have a high fever",
        "userDefined": false
      }
    ],
    "isTemplate": false,
    "count": 0,
    "updated": 0
  },
  {
    "id": "a4192dd0-bd35-4f82-b961-5f05e50ea9a3",
    "data": [
      {
        "text": "i have a fever and a cough",
        "userDefined": false
      }
    ],
    "isTemplate": false,
    "count": 0,
    "updated": 0
  },
  {
    "id": "28996b00-c5c2-410f-9650-18e8ede005c6",
    "data": [
      {
        "text": "should i take medicine?",
        "userDefined": false
      }
    ],
    "isTemplate": false,
    "count": 0,
    "updated": 0
  },
  {
    "id": "b6b06f52-630e-4060-8803-238eefdc06b0",
    "data": [
      {
        "text": "how long will i be sick for?",
        "userDefined": false
      }
    ],
    "isTemplate": false,
    "count": 0,
    "updated": 0
  },
  {
    "id": "4c54a90b-c711-442a-b28e-c67ce32d68f8",
    "data": [
      {
        "text": "how long does the sickness last",
        "userDefined": false
      }
    ],
    "isTemplate": false,
    "count": 0,
    "updated": 0
  },
  {
    "id": "e2bfb6c0-956b-4d80-a7ac-9cdac70b5711",
    "data": [
      {
        "text": "where can I turn to if I need to speak with someone",
        "userDefined": false
      }
    ],
    "isTemplate": false,
    "count": 0,
    "updated": 0
  },
  {
    "id": "06c680d6-21c6-4704-95f6-49ef94e072ac",
    "data": [
      {
        "text": "What should I do if I think I have the coronavirus?",
        "userDefined": false
      }
    ],
    "isTemplate": false,
    "count": 0,
    "updated": 0
  },
  {
    "id": "afd218c1-f4fc-4f3a-a112-147220805555",
    "data": [
      {
        "text": "where can I go for emergency in ",
        "userDefined": false
      },
      {
        "text": "san francisco",
        "alias": "geo-city",
        "meta": "@sys.geo-city",
        "userDefined": false
      }
    ],
    "isTemplate": false,
    "count": 0,
    "updated": 0
  },
  {
    "id": "878ccfa2-2162-4e69-8fcd-88c9769d8d3c",
    "data": [
      {
        "text": "when do I know if I have to call my doctor",
        "userDefined": false
      }
    ],
    "isTemplate": false,
    "count": 0,
    "updated": 0
  },
  {
    "id": "26a38292-b557-4b9a-be06-9bb75979ca18",
    "data": [
      {
        "text": "i have a fever, should I worry?",
        "userDefined": false
      }
    ],
    "isTemplate": false,
    "count": 0,
    "updated": 0
  },
  {
    "id": "433e997d-c9ac-43c5-9910-4419cb49d376",
    "data": [
      {
        "text": "Hi - I have some shortness of breath, but it might be allergies",
        "userDefined": false
      }
    ],
    "isTemplate": false,
    "count": 0,
    "updated": 0
  },
  {
    "id": "d5ec1335-cf82-48e1-be90-8b7b52511d9b",
    "data": [
      {
        "text": "I have shortness of breath - what should i do?",
        "userDefined": false
      }
    ],
    "isTemplate": false,
    "count": 0,
    "updated": 0
  },
  {
    "id": "8b098407-5146-412a-b05b-f01205876443",
    "data": [
      {
        "text": "where should I go if I have symptoms?",
        "userDefined": false
      }
    ],
    "isTemplate": false,
    "count": 0,
    "updated": 0
  },
  {
    "id": "bf8a6082-bf49-45d4-82ba-d0c116561601",
    "data": [
      {
        "text": "What do I do if I\u0027m not feeling well?",
        "userDefined": false
      }
    ],
    "isTemplate": false,
    "count": 0,
    "updated": 0
  },
  {
    "id": "987ce243-0ac9-4151-8452-85bc27fc8954",
    "data": [
      {
        "text": "What do I do if I have the virus",
        "userDefined": false
      }
    ],
    "isTemplate": false,
    "count": 0,
    "updated": 0
  },
  {
    "id": "f8faff2f-6ef4-4752-86c7-9313e6a9d06d",
    "data": [
      {
        "text": "Do I have coronavirus",
        "userDefined": false
      }
    ],
    "isTemplate": false,
    "count": 0,
    "updated": 0
  },
  {
    "id": "cf40011d-e400-4f37-abb3-fd6002b12ada",
    "data": [
      {
        "text": "I have a fever and a cough. What can I do?",
        "userDefined": false
      }
    ],
    "isTemplate": false,
    "count": 1,
    "updated": 0
  },
  {
    "id": "dcbb77fb-9c00-4374-b0fe-0f9bec3c023b",
    "data": [
      {
        "text": "Where can I seek help?",
        "userDefined": false
      }
    ],
    "isTemplate": false,
    "count": 0,
    "updated": 0
  },
  {
    "id": "d17d5401-95a3-4818-9823-434f51f2042a",
    "data": [
      {
        "text": "what temperature should I look for?",
        "userDefined": false
      }
    ],
    "isTemplate": false,
    "count": 0,
    "updated": 0
  },
  {
    "id": "43fa2351-9332-4a7a-bb12-361b9e9fbaab",
    "data": [
      {
        "text": "what temperature is a fever?",
        "userDefined": false
      }
    ],
    "isTemplate": false,
    "count": 0,
    "updated": 0
  },
  {
    "id": "fce4c89b-88fd-4462-bc82-f37157e54586",
    "data": [
      {
        "text": "how do i get help?",
        "userDefined": false
      }
    ],
    "isTemplate": false,
    "count": 0,
    "updated": 0
  },
  {
    "id": "0c6c50c6-28fe-4395-977a-3a463570e9c3",
    "data": [
      {
        "text": "home remedies?",
        "userDefined": false
      }
    ],
    "isTemplate": false,
    "count": 0,
    "updated": 0
  },
  {
    "id": "3a0211eb-44d6-4e16-b8b0-0692ba64e084",
    "data": [
      {
        "text": "what should i be doing if I am tested positive?",
        "userDefined": false
      }
    ],
    "isTemplate": false,
    "count": 0,
    "updated": 0
  },
  {
    "id": "7736181c-a1f5-4381-96b8-8f59cc242135",
    "data": [
      {
        "text": "what to do/",
        "userDefined": false
      }
    ],
    "isTemplate": false,
    "count": 0,
    "updated": 0
  },
  {
    "id": "53cf5741-7913-4469-b58f-efce4b41317b",
    "data": [
      {
        "text": "What should I do if I cough?",
        "userDefined": false
      }
    ],
    "isTemplate": false,
    "count": 0,
    "updated": 0
  },
  {
    "id": "8cdd2e14-32e4-41c4-a259-99c11c745c43",
    "data": [
      {
        "text": "im sick",
        "userDefined": false
      }
    ],
    "isTemplate": false,
    "count": 0,
    "updated": 0
  },
  {
    "id": "1b6a5750-8600-41dd-a5de-925bab68f9ca",
    "data": [
      {
        "text": "I have corona virus what should I do",
        "userDefined": false
      }
    ],
    "isTemplate": false,
    "count": 0,
    "updated": 0
  },
  {
    "id": "7b9d138a-a2c3-4ce8-a64d-9a9e5617d756",
    "data": [
      {
        "text": "what are the help line numbers for covid 19?",
        "userDefined": false
      }
    ],
    "isTemplate": false,
    "count": 0,
    "updated": 0
  },
  {
    "id": "671419d5-802c-4337-a1c7-2c20287c9e4f",
    "data": [
      {
        "text": "what should I do if see symptoms of covid ",
        "userDefined": false
      },
      {
        "text": "19",
        "alias": "number",
        "meta": "@sys.number",
        "userDefined": false
      }
    ],
    "isTemplate": false,
    "count": 0,
    "updated": 0
  },
  {
    "id": "4c35baed-ae0f-4e12-afc2-45a9251084bb",
    "data": [
      {
        "text": "I am sneezing",
        "userDefined": false
      }
    ],
    "isTemplate": false,
    "count": 0,
    "updated": 0
  },
  {
    "id": "5f99c795-c7c0-47d2-bcd8-bebc650cc28b",
    "data": [
      {
        "text": "I am feeling tired",
        "userDefined": false
      }
    ],
    "isTemplate": false,
    "count": 0,
    "updated": 0
  },
  {
    "id": "4de9014f-e897-45ed-801c-dc5b80b96871",
    "data": [
      {
        "text": "what should i do if i am tested positive?",
        "userDefined": false
      }
    ],
    "isTemplate": false,
    "count": 0,
    "updated": 0
  },
  {
    "id": "ebd3902c-185b-4985-8c6a-4684b81cd341",
    "data": [
      {
        "text": "When shall I go to see a doctor?",
        "userDefined": false
      }
    ],
    "isTemplate": false,
    "count": 0,
    "updated": 0
  },
  {
    "id": "1254871c-cddc-4a02-a487-4796f70948c6",
    "data": [
      {
        "text": "When should I go to the hospital?",
        "userDefined": false
      }
    ],
    "isTemplate": false,
    "count": 0,
    "updated": 0
  },
  {
    "id": "54ab7a48-c422-4258-8b70-458c706195b6",
    "data": [
      {
        "text": "do I have the virus?",
        "userDefined": false
      }
    ],
    "isTemplate": false,
    "count": 1,
    "updated": 0
  },
  {
    "id": "7b1aad69-3a05-426f-8950-9307a2e6e976",
    "data": [
      {
        "text": "My child has covid-19, do I need to stay away from them?",
        "userDefined": false
      }
    ],
    "isTemplate": false,
    "count": 1,
    "updated": 0
  },
  {
    "id": "66aebf97-4a3f-44fc-b951-86ef494a00ad",
    "data": [
      {
        "text": "I think my child has the virus, what do I do?",
        "userDefined": false
      }
    ],
    "isTemplate": false,
    "count": 1,
    "updated": 0
  },
  {
    "id": "35d58ef1-fd60-4154-b17d-a3dc8bdca74d",
    "data": [
      {
        "text": "how do I know I have the virus",
        "userDefined": false
      }
    ],
    "isTemplate": false,
    "count": 0,
    "updated": 0
  },
  {
    "id": "bca7433a-86e7-41ea-b6b5-23ad40b67795",
    "data": [
      {
        "text": "if you have a headache, do you have the coronavirus?",
        "userDefined": false
      }
    ],
    "isTemplate": false,
    "count": 1,
    "updated": 0
  },
  {
    "id": "f9683dfd-1a79-4f4d-a014-97ae5efa5ec4",
    "data": [
      {
        "text": "am i going to die",
        "userDefined": false
      }
    ],
    "isTemplate": false,
    "count": 0,
    "updated": 0
  },
  {
    "id": "218e3ca8-9700-445b-ab6c-e26da5889779",
    "data": [
      {
        "text": "Where should I go if i have symptoms",
        "userDefined": false
      }
    ],
    "isTemplate": false,
    "count": 0,
    "updated": 0
  },
  {
    "id": "ce089a84-ccc2-4f13-a8cc-d3a331b8fac3",
    "data": [
      {
        "text": "Do I have the virus?",
        "userDefined": false
      }
    ],
    "isTemplate": false,
    "count": 1,
    "updated": 0
  },
  {
    "id": "910620de-820d-40f7-886c-2cd9a27682e4",
    "data": [
      {
        "text": "if you have a headache, do you have the coronavirus",
        "userDefined": false
      }
    ],
    "isTemplate": false,
    "count": 0,
    "updated": 0
  },
  {
    "id": "484dbb67-7999-4ba7-a98f-33f842fd893d",
    "data": [
      {
        "text": "Am I going to die",
        "userDefined": false
      }
    ],
    "isTemplate": false,
    "count": 0,
    "updated": 0
  },
  {
    "id": "31d132cb-7907-4727-9427-a0a7e59a318d",
    "data": [
      {
        "text": "am i going to die?",
        "userDefined": false
      }
    ],
    "isTemplate": false,
    "count": 0,
    "updated": 0
  },
  {
    "id": "0b787791-7449-45d6-b2bd-a42a8336c21b",
    "data": [
      {
        "text": "my child may be sick, do i need to see a doctor?",
        "userDefined": false
      }
    ],
    "isTemplate": false,
    "count": 0,
    "updated": 0
  },
  {
    "id": "45aa7a34-2b38-4325-ae6d-afab9c385111",
    "data": [
      {
        "text": "fever",
        "userDefined": false
      }
    ],
    "isTemplate": false,
    "count": 0,
    "updated": 0
  },
  {
    "id": "6ff409ef-4c88-4caf-b009-88e5174bf9f3",
    "data": [
      {
        "text": "how high of a fever to expect.",
        "userDefined": false
      }
    ],
    "isTemplate": false,
    "count": 0,
    "updated": 0
  },
  {
    "id": "00b4ecd1-67e6-46f7-8ab6-5cd78fc82d87",
    "data": [
      {
        "text": "how high of a fever should I be concerned with?",
        "userDefined": false
      }
    ],
    "isTemplate": false,
    "count": 0,
    "updated": 0
  },
  {
    "id": "3f860940-d807-4688-90e8-5ded7e6f3be5",
    "data": [
      {
        "text": "I have shortness of breath - what should I do?",
        "userDefined": false
      }
    ],
    "isTemplate": false,
    "count": 0,
    "updated": 0
  },
  {
    "id": "945b6c45-5f44-4967-b4c2-f273b54cedbf",
    "data": [
      {
        "text": "should I get tested if I have a headache",
        "userDefined": false
      }
    ],
    "isTemplate": false,
    "count": 0,
    "updated": 0
  },
  {
    "id": "3fa34510-7b86-443f-852b-302d14cf64ed",
    "data": [
      {
        "text": "help",
        "userDefined": false
      }
    ],
    "isTemplate": false,
    "count": 0,
    "updated": 0
  },
  {
    "id": "4851f1cc-3349-40cc-87fa-c045863cde47",
    "data": [
      {
        "text": "What do I do if i suspect that I have symptoms of the virus?",
        "userDefined": false
      }
    ],
    "isTemplate": false,
    "count": 1,
    "updated": 0
  },
  {
    "id": "764508ac-40e4-4a3d-934a-67139864b455",
    "data": [
      {
        "text": "What if I think I have the virus?",
        "userDefined": false
      }
    ],
    "isTemplate": false,
    "count": 1,
    "updated": 0
  },
  {
    "id": "e94d77d7-f54f-4c2b-b72d-14c4479e0382",
    "data": [
      {
        "text": "how will I know I need a test for Coronavirus?",
        "userDefined": false
      }
    ],
    "isTemplate": false,
    "count": 0,
    "updated": 0
  },
  {
    "id": "18c095d6-1c4c-4216-ad22-4afff5e7830b",
    "data": [
      {
        "text": "Hi - I think that I might have coronavirus",
        "userDefined": false
      }
    ],
    "isTemplate": false,
    "count": 0,
    "updated": 0
  },
  {
    "id": "aeb5e3a2-3ef5-41d2-99e4-f81e92c01936",
    "data": [
      {
        "text": "where should I go if I have symptoms",
        "userDefined": false
      }
    ],
    "isTemplate": false,
    "count": 0,
    "updated": 0
  },
  {
    "id": "b10106fe-d0c8-4a50-a4e6-b69c34a07fd5",
    "data": [
      {
        "text": "What should I do if I feel sick?",
        "userDefined": false
      }
    ],
    "isTemplate": false,
    "count": 0,
    "updated": 0
  },
  {
    "id": "de6c9d41-ca77-4661-a9f4-09ae97977d8a",
    "data": [
      {
        "text": "I think I\u0027ve been exposed. What should I do?",
        "userDefined": false
      }
    ],
    "isTemplate": false,
    "count": 0,
    "updated": 0
  },
  {
    "id": "58ec113d-1112-4ebb-a46f-b19ab593dd45",
    "data": [
      {
        "text": "what happens if my child has the virus?",
        "userDefined": false
      }
    ],
    "isTemplate": false,
    "count": 0,
    "updated": 0
  },
  {
    "id": "8c2138bf-ffc5-47f7-a04a-6423df8c8850",
    "data": [
      {
        "text": "What do I do if I have Corona virus",
        "userDefined": false
      }
    ],
    "isTemplate": false,
    "count": 1,
    "updated": 0
  },
  {
    "id": "e45e9935-78a4-4195-8bef-0cc74945b3dd",
    "data": [
      {
        "text": "What do I do if I have Coronavirus",
        "userDefined": false
      }
    ],
    "isTemplate": false,
    "count": 0,
    "updated": 0
  },
  {
    "id": "28854bbc-d5ff-4658-8416-50cdf5b83ea9",
    "data": [
      {
        "text": "I\u0027m feeling sick, what should I do?",
        "userDefined": false
      }
    ],
    "isTemplate": false,
    "count": 0,
    "updated": 0
  },
  {
    "id": "1e884473-d3fc-41d8-ba5d-52925fa3c024",
    "data": [
      {
        "text": "I can\u0027t move",
        "userDefined": false
      }
    ],
    "isTemplate": false,
    "count": 0,
    "updated": 0
  },
  {
    "id": "410576d1-66e9-4367-9dae-4f7da2269bd5",
    "data": [
      {
        "text": "What do I do if my left foot hurts",
        "userDefined": false
      }
    ],
    "isTemplate": false,
    "count": 0,
    "updated": 0
  },
  {
    "id": "f72be77e-ad51-48e7-88e8-7ccccc570aac",
    "data": [
      {
        "text": "I think I have corona what should I do?",
        "userDefined": false
      }
    ],
    "isTemplate": false,
    "count": 0,
    "updated": 0
  },
  {
    "id": "9b928a4c-7ace-414a-9a22-6b1a82f9c497",
    "data": [
      {
        "text": "who should i contact if i think i have covid",
        "userDefined": false
      }
    ],
    "isTemplate": false,
    "count": 0,
    "updated": 0
  },
  {
    "id": "cfbf5d1d-6389-447f-bb3f-612548ff1424",
    "data": [
      {
        "text": "My kids don\u0027t feel well",
        "userDefined": false
      }
    ],
    "isTemplate": false,
    "count": 0,
    "updated": 0
  },
  {
    "id": "b4e735b7-605e-4c2e-afb2-509f416f7fea",
    "data": [
      {
        "text": "I\u0027m worried I have covid ",
        "userDefined": false
      },
      {
        "text": "19",
        "alias": "number",
        "meta": "@sys.number",
        "userDefined": false
      }
    ],
    "isTemplate": false,
    "count": 0,
    "updated": 0
  },
  {
    "id": "ef1d6e07-e96f-4436-90b4-27d9709f4660",
    "data": [
      {
        "text": "I just threw up",
        "userDefined": false
      }
    ],
    "isTemplate": false,
    "count": 0,
    "updated": 0
  },
  {
    "id": "ed53065f-597f-42cc-a63f-8ec5800d3075",
    "data": [
      {
        "text": "I\u0027m coughing like crazy",
        "userDefined": false
      }
    ],
    "isTemplate": false,
    "count": 0,
    "updated": 0
  },
  {
    "id": "b7063866-4601-4044-a411-c46803b4324c",
    "data": [
      {
        "text": "Do I have Caronavirus?",
        "userDefined": false
      }
    ],
    "isTemplate": false,
    "count": 0,
    "updated": 0
  },
  {
    "id": "a3910eed-a4db-4768-9364-f999a069157c",
    "data": [
      {
        "text": "I don\u0027t feel well",
        "userDefined": false
      }
    ],
    "isTemplate": false,
    "count": 0,
    "updated": 0
  },
  {
    "id": "2bc46487-3a10-4161-bcda-b569b665ec30",
    "data": [
      {
        "text": "My dad is 72 years old and he has symptoms last week. Do I need to take him to the hospital?",
        "userDefined": false
      }
    ],
    "isTemplate": false,
    "count": 0,
    "updated": 0
  },
  {
    "id": "f312e55e-704b-4f4a-98b5-f5fce082e7ce",
    "data": [
      {
        "text": "Help",
        "userDefined": false
      }
    ],
    "isTemplate": false,
    "count": 0,
    "updated": 0
  },
  {
    "id": "28583b2f-fafd-4d93-a482-e0c48ca61a39",
    "data": [
      {
        "text": "Where should I go if i have any symptoms?",
        "userDefined": false
      }
    ],
    "isTemplate": false,
    "count": 0,
    "updated": 0
  },
  {
    "id": "e067324f-104a-4d9c-ad77-72166c1f2e91",
    "data": [
      {
        "text": "i feel sick",
        "userDefined": false
      }
    ],
    "isTemplate": false,
    "count": 0,
    "updated": 0
  }
]