[
  {
    "id": "743d157d-b053-4609-9e4e-0d3eee33ee6f",
    "data": [
      {
        "text": "satisfied",
        "userDefined": false
      }
    ],
    "isTemplate": false,
    "count": 0,
    "updated": 0
  },
  {
    "id": "bdf05032-9185-4626-9a83-bb3a5ec87ba2",
    "data": [
      {
        "text": "very satisfied",
        "userDefined": false
      }
    ],
    "isTemplate": false,
    "count": 0,
    "updated": 0
  },
  {
    "id": "0d89dcc4-74ba-4a13-892f-abec89c29124",
    "data": [
      {
        "text": "I got the information I needed",
        "userDefined": false
      }
    ],
    "isTemplate": false,
    "count": 0,
    "updated": 0
  },
  {
    "id": "8387aaa3-79ab-4321-8640-2bfd9a8cab7b",
    "data": [
      {
        "text": "I am happy",
        "userDefined": false
      }
    ],
    "isTemplate": false,
    "count": 0,
    "updated": 0
  },
  {
    "id": "559b6c34-e636-460d-b49c-5936145821a9",
    "data": [
      {
        "text": "I am satisfied",
        "userDefined": false
      }
    ],
    "isTemplate": false,
    "count": 0,
    "updated": 0
  },
  {
    "id": "ffbd3287-26b7-401e-997f-07ee0f9df82e",
    "data": [
      {
        "text": "I\u0027m satisfied",
        "userDefined": false
      }
    ],
    "isTemplate": false,
    "count": 0,
    "updated": 0
  }
]